,kalimat_id,kata,sense,kalimat
0,1000034,mengandung,2301,jepang manga serial majalah manga mengandung cerita masingmasing disajikan episode dilanjutkan edisi
1,1000129,mengandung,2301,surah dinamai maryam surat mengandung kisah maryam maria agama kristen nabi isa as
2,1000476,mengandung,2301,rebusan waterzooi hachee rebusan bawang bombay daging sapi kuah daging kental mengandung membutuhkan jam disajikan
3,1000486,mengandung,2301,permukaan daun mengandung lapisan lilin air jatuh permukaan daun membentuk butiran air
4,1000511,mengandung,2301,pemicu alergen rokok tembakau polusi udarapenghambat beta non selektif makanan mengandung sulfit
5,1000812,mengandung,2302,hagar mengandung anak abram sombong merendahkan sarai
6,1001105,mengejar,2801,pasukan awang mengejar purnama tewas
7,1001112,mengejar,2801,konflik pusat didasarkan pengalaman mantan polisi chicago chuck adamson mengejar 1960an kriminal bernama mccauley karakter de niro dinamai
8,1001164,mengejar,2801,srikandi berjanji mempertemukan prabakusuma arjuna membantunya mengejar menangkap pencuri jamus kalimasada
9,1001333,mengejar,2802,hill terdaftar columbia university 1993 aktif penuh mengejar karier dunia hiburan
10,1001347,mengejar,2802,ditengah kesulitan dahlan berjuang menjaga adiknya mengejar mimpinya
11,1001696,mengejar,2801,video menampilkan klip anak lakilaki bermain bola basket mengejar kupukupu
12,1002333,mengejar,2801,miller mengejar wild dog jembatan kastil
13,1002554,mengejar,2801,berdua menyedot gas siphon mobil polisi mengejar cody bersaudara melaju penjual hardware menemui montir kooperatif memeras us 500 menambal radiator
14,1002585,mengejar,2801,agen winstead hurt don frye berlari mengejar dillinger hamilton pepohonan baku tembak
15,1002705,mengejar,2801,tanggal 12 november tentara amerika berhasil mengejar membunuhi tentara jepang tersisa kantongkantong perlawanan
16,1002835,mengejar,2801,tertinggal saingan beratnya serbia georgia tuan rumah belarusia rusia armenia mengejar voting skornya georgia
17,1002905,mengejar,2801,farrel bram berusaha mengejar mischa
18,1003239,mengeluarkan,2902,pemisahan administratif gubernur jenderal mengeluarkan surat keputusan khusus membatalkan peraturan am gereja protestan minahasa
19,1003602,mengeluarkan,2902,tanggal 23 maret 1946 tentara sekutu mengeluarkan ultimatum ke2
20,1003912,mengeluarkan,2902,mei 1946 project rand mengeluarkan desain preliminari experimen wahana angkasa mengedari dunia kendaraan satelit berisi instrumentasi diharapkan alat ilmu canggih abad duapuluh
21,1004296,mengeluarkan,2902,the misfits menerima tawaran memutuskan rekaman slash records mengeluarkan album
22,1004440,mengeluarkan,2901,mengeluarkan kartu sesuai tertera pojok kiri kartu tertera 5 mengorbankan 5
23,1004753,mengeluarkan,2902,gubernur dki jakarta wiyogo atmodarminto mengeluarkan surat izin pendahuluan pembangunan gereja bernomor 61218571 tertanggal 27 januari 1987
24,1004898,mengeluarkan,2902,mengeluarkan puluhan album rohani
25,1004921,mengeluarkan,2902,pengadilan korea selatan menerima klaim keputusan mendorong komisi perdagangan adil negara mengeluarkan model kontrak memperbaiki situasi boyband
26,1005109,mengeluarkan,2902,kaisar mengeluarkan edik antikatolik menyebabkan penganiayaan
27,1005298,mengeluarkan,2902,asosiasi islam china mengeluarkan pesan muslim china asosiasi islam china keselamatan nasional ramadhan 1940
28,1005471,mengeluarkan,2905,mendengar suara jun takumi mengizinkan jun mengeluarkan kemarahan frustasinya jun puas
29,1005946,mengeluarkan,2902,kesuksesan permainan nobunagas ambition latar sejarah jepang 1983 koei mengeluarkan permainan berhubungan sejarah romance of three kingdom berlatar sejarah tiongkok suikoden sejarah tiongkok uncharted waters bersetting portugal
30,1006024,mengeluarkan,2906,dupa mengeluarkan asap dibakar
31,1006074,mengeluarkan,2902,henry yule mengeluarkan penjelasan nama negosiator bizantium yenyo bangsawan john pitzigaudes sumbersumber tiongkok duta namanya catatan edward gibbon pria dikirim damaskus bingkisan umayyah meningkatkan tuntutan upati bizantium
32,1006897,mengeluarkan,2902,mahkamah konstitusi italia mengeluarkan keputusannya maret 1964
33,1007897,mengeluarkan,2902,tanggal 4 maret 2009 mahkamah pidana internasional icc mengeluarkan surat perintah penangkapan presiden sudan omar albashir tuduhan tindakan dilakukannya wilayah darfur
34,1007903,mengeluarkan,2906,gunung mengeluarkan letusan 1789
35,1009104,mengeluarkan,2901,utama hadapi mengeluarkan halhal sidik jari membandingkan pencocokan mencari daftar daftar sidik jari
36,1009443,mengeluarkan,2902,simpati publik dukungan aktivis freedom rides pemerintahan kennedy interstate commerce commission icc mengeluarkan perintah desegregasi
37,1009516,mengeluarkan,2902,haman mengeluarkan perintah orang berlutut sujud kali
38,1009711,mengeluarkan,2902,2008 sanny 3 rekan membentuk grup musik forward band mengeluarkan album indie
39,1010004,mengikat,2203,psis semarang klub profesional dwi candra resmi mengikat kontrak juni 2016
40,1010054,mengikat,2203,komite penyelenggaranya tujuan konferensi 2015 mencapai kesepakatan iklim mengikat universal negara dunia seandainya tercapai kesepakatan kalinya 20 diadakannya perundingan pbb
41,1010142,mengikat,2201,mendarat istana kaisar wang mengusulkan membunuh ratu tao tieh mengikat bahan peledak tao tieh ditangkap memberinya daging dikirimkan makanan ratu tao tieh
42,1010280,mengikat,2203,aturan main norma kaidah konkret bersifat mengikat lembaga institusi
43,1010281,mengikat,2203,hasil survei mengikat hukum
44,1010378,mengikat,2203,lembaga mengeluarkan rekomendasi opini nonmengikat deklarasi
45,1010435,mengikat,2203,perbedaan mendalam denominasi yahudi yudaisme rabinik sehubungan kekuatan mengikat halakha hukum agama yahudi kemauan menantang interpretasi pengikutnya mengidentifikasi berasal tradisi hukum lisan metode analisis rabi
46,1010454,mengikat,2203,konsulat dewan legislatif perwakilan rakyat disatukan dewan negara pendapatnya opsional mengikat raja
47,1010626,mengikat,2202,hubungan akrab mengikat tali pertunangan
48,1010789,mengikat,2201,dewa asura mengikat gunung naga wasuki memutar gunung
49,1010831,mengikat,2203,sistem mengakui wibawa sidangsidang sidang sinode mengikat keputusan final
50,1010839,mengikat,2204,velcro peranti populer mengikat sisi kain kali diciptakan 1948 insinyur listrik bernama george de mestral
51,1010851,mengikat,2203,unsur negara hukum hubungan memerintah diperintah berdasarkan kekuasaan berdasarkan norma objektif mengikat memerintah norma objektif memenuhi syarat formal dipertahankan berhadapan idea hukum
52,1010888,mengikat,2201,iket mengandung makna mengikat kepala
53,1011394,mengisi,3201,stasiun medan loko penariknya dilepas rangkaian kereta langsung dipo lokomotif medan mengecek kondisi loko mengisi bahan bakar bernama high speed diesel hsd
54,1011525,mengisi,3204,perwakilan partai gerindra mengisi perolehan kursi
55,1011782,mengisi,3202,mengisi hariharinya mengambil pelajaran piano mengenang mendiang istrinya jarang menyusun buku
56,1011792,mengisi,3203,rencananya berperan doug the thug glatt sekuel mengisi suara karakter crash ice age 5 rencananya rilis 2016
57,1011833,mengisi,3201,laksamana cheng ho mulamula berlabuh quanzhou mengisi kargokargo armada porselen barangbarang
58,1011852,mengisi,3201,terpaksa menikah mengisi dunia manusia
59,1012083,mengisi,3201,seri ponsel infinix masuk kategori kelas menengah seri note memiliki ciri khas desain bongsor baterai berkapasitas memiliki fitur kemampuan mengisi ulang daya cepat
60,1012237,mengisi,3201,mengisi bensin sabine berita buron anak hilang
61,1012706,mengisi,3204,monster yamaha tech 3 senang potensinya menandatangani hafizh mengisi kursi jonas folger musim 2018
62,1012765,mengisi,3202,mengisi kesehariannya menekuni pekerjaan petani kopi desa baturetno kecamatan dampit kabupaten malang
63,1012786,mengisi,3201,qatar airways mengisi a319lr duduk standars 110 kursi
64,1012839,mengisi,3201,berpencar arah guam rota mengisi bahan bakar
65,1013047,mengisi,3204,petualangannya amerika cruyff ajax sedianya mengisi posisi penasihat teknik pelatih leo beenhaker
66,1013560,mengisi,3204,kam menerima langsung mengisi kekosongan pendeta 1800 akibat ditinggalkan pendetapendeta kalangan veerenidge oostindische compagnie voc
67,1013870,mengisi,3204,bukti latar pribadi pejabat dipilih anggota aristokratik philoi hetairoi mengisi kekosongan perwira tentara
68,1014013,menjaga,2701,film memperoleh 100500000 berfokus manajer bandara berusaha menjaga bandara terbuka badai salju bomber bunuh merencanakan meledakkan pesawat boeing 707 penerbangan
69,1014018,menjaga,2701,armada laut marmara menjaga jarak armada bizantium berlabuh pesisir asia
70,1014219,menjaga,2701,kesulitan menjaga kelancaran cash flow
71,1014613,menjaga,2701,kendali kuat laut merah suleiman berhasil mengamankan jalur perdagangan india dikuasai portugal menjaga perdagangan india abad ke16
72,1014733,menjaga,2701,menjaga sakit jantungnya kambuh saskia berurusan braga fero walandouw buruh pabrik membawa untuknya
73,1014871,menjaga,2701,alur waris merantau pergi desa menjaga kekerabatan mengadakan pertemuan rutin
74,1015470,menjaga,2701,aditif makanan humektan efek menjaga bahan pangan lembap
75,1015525,menjaga,2701,motor elektromagnetik dikendalikan komputer suspensi lembut menjaga ketinggian kendaraan aktif
76,1016613,menjaga,2701,hse alumni club bertujuan menjaga hubungan alumni dukungan karier
77,1016754,menjaga,2702,berharap masyarakat menjaga ruang keluarga doktrin terorisme
78,101698,baru,3901,kardinal ditransfer gereja tituler konsistori kardinal deakon mengambil opsi kardinal imam sepuluh kardinal memilih ditransfer kedeakonan gelar lowong kedeakonannya diangkat status pro hac vice pengkhususan titel
79,1017199,menjaga,2701,perangkat android bertenaga baterai android dirancang mengelola memori ram menjaga konsumsi daya minimal berbeda sistem operasi desktop terhubung sumber daya listrik terbatas
80,1017285,menjaga,2701,kemampuan penanganan arus mesfet membaik gerbang memanjang samping menjaga daerah aktif konstan dibatasi geseran fase gerbang efek jalur transmisi
81,1017406,menjaga,2703,kewajiban menteri pertanian negara menjaga kelangsungan lingkungan hidup
82,1017682,menjaga,2702,peran satyaki menonjol ke14 ditugasi arjuna menjaga yudistira serangan drona
83,1018227,menjaga,2701,orang betawi menjaga nilainilai agama tercermin ajaran orangtua beragama islam anakanaknya
84,1018464,menjaga,2703,1409 marguerite de trian cucu arnaud istri george de castellane membawa wilayah montmeyan keluarga castellane menjaga daerah abad
85,1019067,menurunkan,2102,pelanggaran yan luo wang menghukum niu tou ma mian hukuman pukulan mengubah kepala manusia kerbau kuda menurunkan pangkat hakim cui
86,1019113,menurunkan,2102,1972 nascar bertahap peraturan menurunkan perpindahan mesin maksimum 429 kubik inci 70 liter 358 kubik inci 58 liter standar
87,1019233,menurunkan,2102,keperluan pengolahan citra format png dijadikan alternatif proses pengolahan citra format menghilangkan citra diolah penyimpanan berulang ulang citra menurunkan kualitas citra format jpeg pilihan
88,1019241,menurunkan,2102,langkah diambil menurunkan harga minyak dunia cenderung melonjak
89,1019350,menurunkan,2102,faktor menurunkan kontraktilitas memiliki aksi inotropik negatif
90,1019464,menurunkan,2102,kelompok antihipertensi menurunkan tekanan darah tingkat normal 90 mmhg diastolik tingkat palig rendah ditoleransi
91,1019792,menurunkan,2102,sumner musik keras berat martin menurunkannya rendah gitar
92,1019990,menurunkan,2102,kehancuran habitat gilirannya menurunkan tingkat keanekaragaman hayati memengaruhi kelestarian hutan primer keberadaan spesiesspesies asli kehidupannya bergantung lingkungan disediakan hutan primer
93,1020045,menurunkan,2102,gabungan kontrasepsi suntik ketiga cycloprovera direformulasi 1980 menurunkan dosis berganti nama cyclofem lunelle
94,1020256,menurunkan,2106,b s haldane menurunkan persamaan kinetik dianggap titik pemodelan aktivitas enzimatik
95,1020882,menurunkan,2102,peristiwa menurunkan kepopuleran gerakan kiri jepang
96,1021126,menurunkan,2102,kematian raja arnulf paus mengirimkan walinya mentahbiskan keuskupan agung moravia raya 3 uskup 899 menurunkan pengaruh utama klerus bayern
97,1021284,menurunkan,2102,pemerintahannya menjalankan kebijakankebijakan positif menurunkan pajak memperkuat kerajaannya sebentar kekuasaan pemerintahaan jatuh tangan kasim
98,1021324,menurunkan,2104,kennedy bersiapsiap menurunkan garda nasional alabama
99,1021394,menurunkan,2102,disebabkan persaingan menyebabkan hasil menurunkan biaya pembelian bahan mentah
100,1021416,menyusun,2402,kajian dibentuk kelompok kerja rutin kajian lanjutan menyusun rencana membentuk pusat studi perkotaan
101,1021461,menyusun,2402,zhuo memindahkan ibukota changan menteri negeri wang yun menyusun rencana membunuh zhuo diao chan
102,1021597,menyusun,2403,kardinal boromeus don nicola komponis gaya kromatis milan menyusun komposisi misa disebandingkan kejelasan tekstual
103,1021685,menyusun,2402,menyusun program dilakukannya
104,1021690,menyusun,2402,50 1993 membentuk komisi nasional hak asasi manusia komnas ham pensiunan ketua mahkamah agung ri ali said menyusun komisi memilih anggotanya
105,1021862,menyusun,2403,maharsi visvamitra beserta rsirsi menyusun sastra dhanurveda daam 4 bab
106,1021881,menyusun,2402,laporan perubahan saldo anggaran sal menyajikan informasi kenaikan penurunan sal pelaporan dibandingkan disajikan bendahara negara entitas pelaporan menyusun laporan keuangan konsolidasi
107,1021962,menyusun,2402,rangka menjalankan pemerintahan daerah diduduki kaigun menyusun pemerintahannya
108,1021997,menyusun,2402,8 april 2007 keluarga kung mengumumkan menyusun daftar 45 nama anggota komite pemakaman nina wang
109,1022085,menyusun,2402,bupati wakil bupati menyusun rencana pembangunan jangka menengah rpjm kabupaten aceh utara
110,1022467,menyusun,2402,biro berhasil menyusun rencana pembangunan rplt rencananya dilaksanakan 19561961 disetujui dpr tanggal 11 november 1958
111,1022476,menyusun,2402,pemula gratisagen dibayar menyusun pemain menandatangani ditentukan rookie minimum bonus penandatanganan
112,1022738,menyusun,2402,jiang wei berkomplot liu shan menyusun rencana mengelabui zhong hui pemberontakan melemahkan pasukan wei
113,1022955,menyusun,2402,atomatom menyusun zat padat bervibrasi posisi keseimbanganya kisikisi kristal bervibrasi
114,1023203,menyusun,2402,pendapat kegagalan sartono menyusun kabinet
115,1023313,menyusun,2403,pindah busan 1991 tinggal sma menyusun lagu
116,1023489,menyusun,2402,2002 pemerintah kota magelang menyusun master plan alunalun kota magelang dijadikan dasar kegiatan renovasi alunalun
117,1023652,menyusun,2402,memikat inwook kamp menyusun rencana pembiayaan memompa uang ayahnya investasi eksternal
118,1026068,nilai,1501,portal menyediakan informasi harga pangan terkini akurat pasar tradisional jawa barat upaya menjaga daya beli masyarakat meningkatkan nilai petani stabilitas harga pangan memperbaiki manajemen pengendalian inflasi jawa barat
119,1027256,nilai,1504,anomali gravitasi perbedaan gravitasi observasi nilai diprediksi model
120,1028330,nilai,1503,chen anakanak ayahnya membacakan karyakarya sastra dikabarkan membantu pemikiran putranya nilainilai demokrasi kebebasan
121,1028771,nilai,1501,tumbuhan lerak berbentuk pohon ratarata memiliki 10m mencapai 42 meter diameter 1m pohon lerak kualitas kayu setara kayu jati ditebang memiliki nilai ekonomis
122,1028797,nilai,1502,komika berhasil mengumpulkan nilai tertinggi putaran dinobatkan juara stand up comedy indonesia
123,1029290,nilai,1503,penilaian moral tindakan disimpulkan menganalisis tindakan didasarkan akar kejahatan
124,103103,baru,3901,penghancur tank model meriam 88 mm diproduksi
125,1035379,nilai,1502,pengesahan kkl kelas xii kekl malam perpisahan dihadiri orangtua murid guruguru pengumuman kejuaraan nilai un acara
126,1037678,nilai,1503,tnbnw memiliki nilai jasa lingkungan wisata pemanfaatan air dimanfaatkan masyarakat kawasan
127,1038466,nilai,1501,pemerintahannya pertanggungjawabannya ditolak mpr nilai tukar rupiah meroket level rp 6500 dolar as nilai dicapai era pemerintahan
128,1041243,nilai,1503,sumbu horisontal pembagian ruang rumah bersekat menyatu rumah rumah sebelahnya mengandung nilai kemanusiaan
129,1041533,nilai,1504,batas kontrol ucl upper control limit batas kontrol lcl lower contro limit nilai individual dihitung menambah mengurangi 266 kali ratarata moving range ratarata nilai inidividual
130,1041634,nilai,1504,variabel acak xt berisikan nilai variabel tersembunyi t variabel acak yt berisikan nilai variabel diamati tersembunyi t anak panah ketergantungan kondisional
131,1042335,panas,4903,musim panas 655 wu mendakwa permaisuri wang ibunya wanita keluarga liu dugaan sihir
132,1042598,panas,4903,dirilisnya album promo intens auryn salah artis spanyol memiliki jadwal konser musim panas 2012 total 80 jadwal setahun
133,1043386,panas,4903,povenmire marsh serial mencerminkan kenangan berkencan musim panas bersenangsenang menggali parit membangun terowongan benteng rumah pohon
134,1043464,panas,4903,musim panas 2003 kristin kreuk tampil cemerlang bintang utama film layar lebar pertamanya eurotrip 2004 dibintangi scott mechlowicz michelle trachtenberg
135,104562,baru,3902,gauguin langsung memberitahukan theo peristiwa theo melamar saudara perempuan andries bonger teman theo bernama johanna tanggal 24 desember
136,1045721,panas,4903,analisis pengamatan posisi matahari terbenam titik musim panas posisi matahari terbit titik ekuinoks segaris patung sphinx kompleks piramida
137,1046175,panas,4903,musim moldova krkoti zeta musim panas 2016 kinerjanya solid mencetak 4 gol 15 penampilan paruh musim 201617 liga montenegro
138,1046307,panas,4903,pattaya memiliki iklim tropis kering basah terbagi musimmusim panas kering desember februari panas lembat maret april sertapanas hujan mei november
139,1047051,panas,4903,troy berencana mencari pekerjaan musim panas mengumpulkan uang kuliah
140,1047160,panas,4901,konveksi termal panas mengalir medium disertai perpindahan molekul penyusun material
141,1048552,panas,4901,chevron indoasia business unit mencakup bisnis minyak gas cico chevron pacific indonesia chevron makassar ltd bisnis panas bumi chevron geothermal indonesia chevron geothermal salak mandau cipta tenaga nusantara chevron geothermal phillipines
142,1049081,panas,4903,melewati musim panas 1664 1665 london dilanda kekeringan november 1665
143,1049996,pembagian,3701,abad ke1 m filo aleksandria membahas kitabkitab suci pembagian alkitab de vita contemplativa karyanya abad ke19 meragukan kepengarangannya iii25 mempelajari hukum firman kudus allah nabi suci himne mazmur jenis akal budi darinya pengetahuan kesalehan ditingkatkan dibawa kesempurnaan
144,1051375,pembagian,3701,kota waitakere pembagian administratif auckland barat selandia
145,1051625,pembagian,3701,pembagian wilayah moro ternate mendapatan terbesar
146,1051749,rapat,4601,rapat pimpinan abri 2000 disepakati menghapus doktrin pemilu 2004 diharapkan selesai pemilu 2009
147,1051840,rapat,4601,ojong rapat yayasan tanggal 3 juli 1959
148,1051848,rapat,4601,presiden konfederasi leuthard memimpin rapat dewan federal melaksanakan fungsi perwakilan ditangani kepala negara negara demokrasi swiss dewan federal dianggap kepala negara
149,1052246,rapat,4601,ilmuwan istilah antroposen geological society of america rapat tahunannya 2011 judul archean to anthropocene the past is the key to the future
150,1052333,rapat,460d,penjual jamu bahanbahan ramuan jamu keputihan jamu sari rapat buah delima buah pinang kunci pepet majakan
151,1052415,rapat,4601,gubernur jenderal menyelenggarakan rapat majelis konstituante mei 1955 menyusun mengesahkan konstitusi pakistan 29 februari 1956
152,1052700,rapat,4601,cisco telepresence presentasi rapat negosiasi interview
153,1052846,rapat,4602,tumbuhan menyukai panas perdu memanjat batang 25 m batang jari kelingking berbintilbintil rapat pahit sirih
154,1052936,rapat,4601,peserta rapat memanggil pembalap mempresentasikan rencana diatas
155,1053076,rapat,4601,sayap hall ukuran 50 x 40 meter 8 kali ruang rapat senat rektorat dipakai mahasiswa unsri
156,1053571,sarung,1202,pemakaian sarung ditentukan aturan pembeda golongan bangsawan rakyat jelata
157,1053574,sarung,1202,melarang kebiasaan mengunyah pinang wanita eropa menganjurkan penggunaan sarung kalangan
158,1053602,sarung,1202,pajak dinamakan wulusau uang barang beras kain putih sarung
159,1053636,sarung,1201,peri rumah memakai pakaian sarung bantal serbet teh diizinkan memiliki pakaian
160,1053651,sarung,1202,busana pengantin lakilaki sarung kain tenunan tangan dhoti selendang menutupi bahu saputangan merah kepalanya leis
161,1053673,sarung,1201,landak antropomorfik biru mata hijau mengenakan sarung tangan putih sepatu merah putih
162,1053701,sarung,1201,iaido dikaitkan pengendalian gerakan menarik pedang halus sarung pedang menyerang memotong lawan
163,1053729,sarung,1201,kiper memakai sarung tangan desain khusus menangkap bola melindungi jari tangan cedera
164,1053769,sarung,1202,indonesia sarung identik kegiatan keagamaan sholat longyi pakaian seharihari resmi myanmar
165,1053778,sarung,1201,sekedar alat transformasi crossz magma knuckle dilepas build driver dipasang tangan kanan layaknya sarung tinju logam menghasilkan pukulan terkuat semburan api magma panas membakar lawannya
166,1053784,sarung,1201,rantai terbuat perak kuningan menghubungkan sarung pichangatti implement tusuk gigi pinset pembersih telinga penusuk artikel membersihkan kuku
167,1053789,sarung,1201,kedudukan abbas menghampiri kedudukan uskup menghiraukan larangan konsilikonsili protesprotes st bernardus pihakpihak mengadopsi insignia episkopal mitra cincin sarung tangan kasut
168,1053816,sarung,1201,penggunaan sarung tangan masker tahan api respirator dianjurkan menghindari kesehatan kerja paparan xilena
169,1053827,sarung,1202,pakaian batik los pasar barat menawarkan baju surjan blangkon sarung tenun batik
170,1053835,sarung,1201,algojo dikehendaki memakai smock perlindungan sarung tangan cermin mata ditakutkan daging darah pesalah hiv terkenanya
171,1053840,sarung,1201,ken arok menguji keris keris ditusukkannya mpu gandring konon menurutnya menepati janji sarung keris selesai selebihnya menguji kemampuan keris melawan kekuatan supranatural si pembuat keris disimpan keris menambah kemampuannya
172,1053846,sarung,1202,penampilan unik mengenakan sarung baju gombrong panggung salah daya tarik
173,1053872,sarung,1202,membaur masyarakat singaraja mengenakan sarung jarang memakai baju
174,1053910,sarung,1202,dikisahkan penjual pria menjajakan nasi berkeliling memakai sarung
175,1053933,sarung,1201,perenang dibolehkan memakai alat pakaian renang memengaruhi kecepatan daya apung ketahanan berlomba sarung tangan berselaput kaki katak sirip
176,1053947,sarung,1202,masjid terkenal unik memiliki aturanaturan adat larangan memakai sarung wajib mengenakan celana jamaahnya kewajiban memakai penutup kepala kopiah larangan perempuan beribadah masjid
177,1053957,sarung,1201,sushi tokotoko swalayan jepang memakai sarung tangan
178,1053960,sarung,1202,pertapaannya lambu mangkurat menemukan buih didalamnya terdengar suara lambu mangkurat menyediakan kain sarung ditenun 40 orang gadis perahu indah membawa gadis jelita istana
179,1053971,sarung,1201,tangan kirinya terbungkus sarung tangan hitam
180,1053985,sarung,1201,warna kesukaannya warna merah rambutnya matanya sarung tangannya bajunya mobilnya
181,1053997,sarung,1202,produk dihasilkan buah sarung memakan 15
182,1053999,sarung,1202,sehelai sarung dihasilkan pengrajin memiliki lebar 80 centimeter 2 meter
183,1054005,sarung,1202,dimana dr mohammad hatta menjabat wakil presiden indonesia berkunjung samarinda koperasi ruwi rukun wanita indonesia cabang samarinda menyerahkan sarung samarinda bercorak kamummu moh
184,1054011,sarung,1202,arti dasar sarung berlaku indonesia tempattempat sekawasan
185,1054038,sarung,1202,5 lembar tapih khas bugis 5 lembar sarung songket khusus upacara
186,1054048,sarung,1202,kebaya jawa dicatat thomas stamford bingley raffles 1817 sutra brokat beludru pembukaan pusat blus diikat bros tombol tombollubang batang tubuh bungkus kemben kain pisahkan bungkus kain meter keliru istilah sarung inggris sarung aksen malaysia sarung dijahit membentuk tabung pakaian barat
187,1054049,sarung,1202,mengenakannya sarung sepatu cantik bermanikmanik kasut manek
188,1054089,sarung,1202,miss world beach fashion 2013 finalis kualifikasi diumumkan 9 september presentasi sarung bali westin resort nusa
189,1054633,tengah,4303,kalender hijriyah diawali terbenamnya matahari malam
190,1059369,tengah,4304,penduduk ditaksir 255 juta jiwa menjadikan negara negara berpenduduk terbesar keempat dunia berkat pertumbuhan kelas menengah tumbuhnya penerbangan bertarif rendah dasawarsa indonesia luas dianggap pasar penerbangan tumbuh
191,1059835,tengah,4301,menyarankan claire bennet angela turun jalan ditangkap
192,1060022,tengah,4304,tabrakan mengakibatkan arthur menjatuhkan tas berisi ramuan sihir mengambil botolbotol berjatuhan salah sengaja menukar botol kaleng soda masaharu
193,1060275,tengah,430b,29 desember 2015 saluran peace tv chinese ditayangkan dunia utamanya asia timur australia
194,1060414,tengah,4304,wartawan tabloid mistis ditugaskan meliput piramida gunung padang menuntut paranormal guntur samudra dwi sasono misteri piramida gunung padang
195,1061298,tengah,430b,1983 tibatiba muncul jawa menular kemanamana
196,1062204,tengah,430b,tanjung ujung selatan pengunungan taman nasional kenting
197,1064949,tengah,430b,kereta api satusatunya kereta api beroperasi jakarta jawa rute melintasi bandung melintasi cirebon
198,1065727,tengah,4302,sang pemain mengontrol pesawat angkasa kumpulan asteroid piring terbang
199,1067112,tengah,4301,geografi wilayah kependudukan latvia negara baltik estonia latvia lithuania
200,1067285,tengah,430b,muara pagatan desa terletak kecamatan kusan hilir kabupaten tanah bumbu provinsi kalimantan selatan indonesia
201,1067609,tengah,430b,candi bergaya jawa tubuh candi atap batu ditemukan
202,1067632,tengah,4301,negara terletak central valley lembah subur dibatasi barisan gunung pesisir barat sierra nevada granit timur cascade range gunung berapi utara pegunungan tehachapi selatan
203,1067870,tengah,430b,abad ke15 conquistador spanyol berlayar amerika kepulauan karibia dikenal koloni spanyol
204,1068367,tengah,4304,percy temantemannya pemburu artemis memiliki minggu mencari dewi diculik memecahkan misteri monster diburu
205,1068509,tengah,430b,cimahi kecamatan kota cimahi provinsi jawa barat indonesia
206,1068554,tengah,430b,temuan prasasti kawasan pantai utara jawa berkembang kerajaan bercorak hindu siwais
207,1069005,tengah,430b,53 persen menetap amerika serikat selatan 40 persen menetap timur laut utara 7 persen barat
208,1069806,tengah,4303,tulisan tepatnya lariang bangngi bahasa makassar kabur malam
209,1070655,tengah,4304,federasi sepakbola asean fifa mempertimbangkan rencana
210,1072446,tinggi,5106,buah pepaya mengandung vitamin c membantu meningkatkan daya tahan tubuh
211,1073038,tinggi,5106,garis berfungsi pembatas ruang jarak bebas minimum bidang terluar massa bangunan lahan dikuasai batas tepi sungai pantai massa bangunan rencana saluran jaringan tegangan listrik jaringan pipa gas
212,1073440,tinggi,5102,hook teknik efektif pemain dijaga orang pemain
213,1075144,tinggi,5106,ditemukannya daguerreotype 1839 kamera didesain dilengkapi rana dibutuhkan sensitivitas proses kimiawi
214,1076330,tinggi,5106,senjata rudal kh25 toko kapasitas pesawat total enam sayap cantelan warload gabungan 3000 kg
215,1077930,tinggi,5106,kategori iucn red list mengalami risiko kepunahan alam
216,1086132,tinggi,5106,lelehan zncl memiliki viskositas titik lelehnya konduktivitas listrik relatif rendah meningkat nyata suhu
217,1087697,tinggi,5103,geografi skotlandia tradisional dataran mengacu wilayah skotlandia sebelah utara barat sesar batas dataran melintasi daratan skotlandia garis lurus helensburgh stonehaven
218,108883,baru,3901,livery ka jayabaya kereta api indonesia kelas persatu kereta menjalani pemeliharaan pa balai yasa kedatangan kereta pt inka livery khusus kereta aneh pewarnaan pintu
219,1092796,tinggi,5106,tingkat partisipasi relatif dimaksimalkan tersedianya fasilitas kesehatan puskesmas pembantu desa kloposawit
220,1097596,tinggi,5103,herleva legenda berlanjut adipati bentengnya menaikkan roknya menarik perhatian sang adipati
221,1100785,tinggi,5106,neurosifilis akibat penetrasi lemah penisilin g sistem saraf pusat terkena dampak direkomendasikan penisilin intravena dosis minimal 10
222,112454,baru,3902,cabang lompat ski diadakan holmenkollen 1933
223,118669,baru,3901,teknik gerakan mata desensitisasi pengolahan eye movement desensitization and reprocessing emdr terbukti efektif
224,120122,baru,3902,mengangkat puteranya penggantinya kelak gelar sultan sulaiman saidullah ii berusia 6 1767
225,121137,baru,390d,tujuh puluh murid muridmurid yesus kristus mulamula dicatat injil lukas perjanjian alkitab kristen
226,121747,baru,3902,flea acuh acuh penjualan album rendah melamar pacaranya loesha zeviar hamil anak
227,1219,asing,5302,perusahaan perbankan lokal asing membuka cabang kelapa gading
228,123401,baru,3902,2013 jalur nambo diaktifkan ka angkutan semen keberadaan krl commuter line 2015
229,123556,baru,3901,kabupaten kabupaten keerom pegunungan bintang boven digoel kabupaten hasil pemekaran
230,13163,atas,4407,2017 membawa proyek dokumenter musik kembangkan terpilih 12 sutradara dokumenter dunia belajar american film showcase 2017 diselenggarakan kemitraan biro pendidikan kebudayaan departemen negeri amerika university of southern california cinematic arts asosiasi dokumenter international film independen amerika
231,13527,atas,4402,tonkatsu kadang disajikan telur mangkuk berisi nasi katsudon
232,135812,besar,5402,hasil rendahnya tingkat pengangguran canberra memiliki pendapatan disposabel tertinggi dibandingkan kota australia
233,136807,besar,5402,pameran dunia 1888 salah acara barcelona sejarah aliran modernisme
234,14039,atas,4406,encarta diluncurkan 1993 microsoft memperoleh hak nonekslusif ensiklopedia funk wagnalls
235,140695,besar,5403,rehabeam yerusalem menyusun pasukan menindas dianggapnya pemberontakan melawan kerajaan
236,140902,besar,5402,arsitek masjid sultan ahmed sedefhar mehmet aga mandat berhemat biaya penciptaan ibadah umat islam indah
237,141729,besar,5402,sungai mengairi tanah kadangkadang membanjiri melapisi wilayah sedimen
238,143985,besar,5403,perhatian utama kebutuhan ameliorasi perbaikan terkait penderitaan kemalangan menekan adil kelas pekerja
239,146855,besar,5403,melanjutkan pendidikan perguruan ternama ugm ui ipb unair universitas negeri malang universitas brawijaya uin syarif hidayatullah uin sunan kalijaga uin maulana malik ibrahim uin sunan ampel
240,147087,besar,5403,negara dunia mengakui krimea sevastopol federasi rusia
241,147101,besar,5402,penghargaan diserahkan asisten sekretaris jenderal pbb deputi direktur eksekutif un women lakhsmi puri acara jamuan makan siang pelaksanaan sidang majelis pbb ke72 markas pbb new york
242,147214,besar,540b,daerah bantuan kampung deret sorotan tanah cipinang selatan petogogan semper barat tambora
243,151895,besar,540x,usmindonesia payung penggabungan akademi analis kesehatan sari mutiara akademi analisis farmasi makanan sari mutiara akademi keperawatan sari mutiara medan akademi kebidanan sari mutiara medan sekolah ilmu kesehatan mutiara indonesia medan berdasarkan surat keputusan menteri pendidikan kebudayaan republik indonesia nomor 10e02013
244,15375,atas,4405,disebabkan kelas menguasai sarana produksi materil spiritual kelas meresmikan menyebarkan pikiranpikiran
245,156689,besar,5403,lagu ditampilkan konser diambil andalannya
246,170881,besar,5403,berdasarkan novel 1969 red tea karya paul harris daniel cerita film mengisahkan raasa atharvaa penduduk desa pengangguran dipekerjakan buruh utang penanaman teh dijanjikan akomodasi upah petingginya jerry
247,177085,besar,5403,oberpfalz terbentang bohemia bavaria menganut ajaran lutheran rheinlandpfalz menganut ajaran kalvinis
248,177528,besar,5402,kapal penghubung jarak berskala jarak perairan laut mediterania kapal feri
249,187112,besar,5403,desa memiliki penduduk bersuku dayak
250,197605,besar,5402,kotakota jaringan distribusi menyebar desadesa mengikuti pertumbuhan beban
251,199745,besar,5402,seiring berjalannya nielsen berkembang perusahaan klien
252,200015,besar,5402,bungabunga malai terminal ketiak soliter berukuran menyolok berbilangan 456 kelopak terpisah berdaging menetap buah mahkota terpisah adakalanya gugur putih kuning kadangkadang benang sari
253,203916,bidang,1802,ahli bidang percetakan gutenberg menciptakan bahan sampingan percetakan tinta cetakan huruf
254,206882,bidang,1802,pengusaha bidang general supplier kontraktor lulus kuliah
255,209682,bidang,1802,penghargaan nobel bidang perdamaian
256,2137,asing,5302,modal asing modal bersumber perusahaan
257,213914,bidang,1802,bidang pendidikan pendidikan formalnya menonjol
258,215004,bidang,1802,subjek karya seni sastra inspirasi bidang seni
259,21666,atas,4408,kewarganegaraan global praktikpraktik sukarela berorientasi hak asasi manusia keadilan sosial lingkungan tingkat lokal regional global
260,217237,bidang,1802,bidang industri asam stearat dipakai bahan pembuatan lilin sabun plastik kosmetika melunakkan karet
261,224351,bintang,0701,cabang peneliti meneliti struktur bintang tahap pembentukan kehancuran bintang
262,2246,asing,5302,berbekal pahat mengkilap tajam motivasi mantap palu pahat diharapkan lahir karya sekolah bahasa asing jia
263,22555,atas,4403,tanggal 23 agustus 1944 tentara jerman paris menerima perintah markas hitler menghancurkan jembatanjembatan sungai seine infrastrukturinfrastruktur tentara sekutu maju utara sungai seine
264,226862,bintang,0702,bintang bermain film virginia dale joseph allen jeanne cagney peter lind hayes betty moran danjohn arledge
265,228630,bintang,0701,galaksi sistem masif terikat gaya gravitasi bintang bentuk manifestasinya bintang neutron lubang hitam gas debu medium antarbintang materi gelapkomponen dimengerti
266,229336,bintang,070b,bandar negeri desa kecamatan bintang bayu serdang bedagai sumatera utara indonesia
267,230181,bintang,0701,36 geminorum 36 gem salah bintang rasi gemini
268,230912,bintang,0701,gamma piscium bintang dingin matahari
269,231386,bintang,0701,bintang ukuran matahari
270,231670,bintang,0701,messier 14 dikenal m14 ngc 6402 gugus bola terletak rasi bintang ophiuchus
271,232365,bintang,0701,bintang bintang
272,232442,bintang,0703,bendera djibouti memaparkan jalur mendatar seimbang biru hijau bentuk segitiga sisi sebelah hoist memuat bintang berwarna merah
273,233575,bintang,0701,thetis menutupi bintang diamati oregon 1999
274,25836,atas,4407,1961 beliau mengundurkan kemiliteran permintaan pangkat mayor infantri
275,276271,buah,0502,senjata mesin 6 buah 127mm dibanding wildcat 4 buah 127mm wildcat dipasang 6x127mm mesinnya lemah dibatalkan
276,278257,buah,0502,sistem hidrolik dioptimasikan disederhanakan digunakannnya 2 buah crdm akumulator mengeliminir sistem penonaktifan scram
277,278681,buah,0502,sumber konon koleksi museum ohd mencapai angka 2000 buah koleksi karya seni beraneka ragam media hasil kreasi perupa papan indonesia dunia
278,278915,buah,0502,kota kabupaten seiring perkembangan terbentuklah 2 buah bentuk pemerintahan pemerintahan kabupaten pemerintahan kota tasikmalaya
279,279018,buah,0502,pos ranu pani buah danau ranu pani 1 ha ranu regulo 075 ha
280,279296,buah,0501,dipotong buah penampang bintang berbiji berwarna coklat putih
281,279733,buah,0503,garis buku buah karya disertasi dilakukannya mei 2008
282,279860,buah,0501,usul pohon buah kultivar berasal jawa jawa barat timur
283,281637,buah,0502,kapal badan 40 meter dirancang melaju kecepatan 20 knot didorong 2 buah mesin diesel 1250 hp badan kapal terbuat aluminium alloy
284,281681,buah,0502,ibadah agama 2005 masjid 172 buah mushallah 28 buah gereja 9 buah pura 6 buah
285,281735,buah,0503,zinzendorf kristen mengenal amal kebaikan buah iman sewajarnya bertumbuh hidupnya
286,282412,buah,0502,kontrak mencakup peluncuran pencarian jejak telemetri stasiun pengawasan penyediaan saluran 50 buah saluran televisi rancangan dekoder penerima terintegrasi ird penyimpanan regulasi persatuan telekomunikasi internasional asuransi pesawat ulang alik
287,282640,buah,0502,marcuse mengekspresikan gagasan radikalnya buah tulisannya
288,283019,buah,0502,21 buah tiang menyangga bangunan
289,283139,buah,0501,gotgam manisan korea terbuat buah kesemek dikeringkan
290,283186,buah,0502,kutu betina bertelur enam buah sehari
291,283351,buah,0501,persembahan vila kue bundar pita buah segar sayuran bunga
292,283439,buah,0501,codot memakan buah pohonnya dibawanya pohon tenggeran dianggap aman memakannya situ
293,283584,buah,0502,peristiwa serah terima jabatan laksanakan keunikan serah terima jabatan serahkan buah stempel cap sehelai bendera merah putih lainya
294,283749,buah,0501,luas 415 hektare agro wisata tlogo tuntang memiliki koleksi tanaman unggulan karet kopi cengkeh tanaman buah
295,284565,buah,0502,monumen 6 buah gerbang permukaannya bertuliskan damai bahasa dunia
296,284613,buah,0502,kawasan 2 buah toilet berfungsi ruang ganti bilas kondisi bangunannya
297,288419,bulan,0803,meninggal jumadil 198 h usia 91
298,289751,bulan,0803,juni 1950 tentara rakyat korea utara arahan kim ilsung menginvasi korea selatan
299,291196,bulan,0803,museum perluasan bernilai 67 juta dollar maret 2008 dibuka januari 2011
300,291575,bulan,0803,ibnu asakir lahir gaza muharram 499 h13 september 1105
301,295151,bulan,0802,guru mendaftarkan goku krillin tenkaichi budokai pertandingan bela sedunia
302,295166,bulan,0802,dawson memahami ayah angkat teman dekatnya tuck hostetler gerald mcraney meninggal usia 92
303,296847,bulan,0803,desember 2011 toko konsep smiley dibuka london
304,296854,bulan,0803,serangan terbatas serangan doolittle april 1942 serangan skala posisi militer kepulauan kuril pertengahan 1943
305,29827,atas,4407,jaksa persidangan gordon menemukan bersalah pembunuhan hakim menjatuhkan hukuman gantung
306,299138,bulan,0803,tiketcom dibentuk agustus 2011
307,299271,bulan,0803,liga didirikan anggota badan kontrol kriket india bkki lalit modi 2007 dijadwalkan april mei
308,302632,bulan,0803,pengambilan gambar juni 2012 england wales
309,302784,bulan,0802,mendekam penjara barulah dibebaskan dimutasikan jabatan rendah
310,303983,bulan,0803,desember gelar wilayah bothwell dibatalkan undangundang parlemen
311,304724,bulan,0803,mei 2003 mengadakan konser shimokitazawa club shelter tokyo
312,304959,bulan,0803,pmml 40 dirilis juni 2009
313,307346,bulan,0803,laporan maret alitalia mengambil alih minerva airlines memasukkan armada turboprop alitalia express armada
314,309824,bulan,0803,fase ii januari 2007 melibatkan penghubungan bypass e 88 jalan al daid sharjah
315,311310,bulan,0803,ikonos satelit resolusi spasial diluncurkan september 1999 merekam data multispektral 4 kanal resolusi 4m
316,311730,bulan,0803,musim ajax babel bergabung juli 2007
317,315433,bulan,0803,dilaksanakan septemberoktober kerjasama sma mitra
318,315524,bulan,0803,pertempuran isonzo kedelapan sebentar 10 12 oktober 1916 kelanjutan pertempuran isonzo ketujuh 1417 september 1916 memperpanjang penguasaan jembatan gorizia didirikan pertempuran isonzo keenam agustus 1916
319,316346,bulan,0803,perperangan syawal 2 hijriah dimenangkan kaum muslimin
320,316579,bulan,0803,yuno pelindung pernikahan orang percaya menikah juni dinamai sesuai nama dewi yuno
321,320201,bulan,0803,november 2008 banjir 5 dusun balinggi jati
322,320892,bulan,0803,mei 2011 carrefour indonesia meluncurkan situs fanpage facebook wwwfacebookcomcarrefourindonesia akun twitter carrefour_id
323,320895,bulan,0803,bohemond tewas terbunuh medan perang sungai ceyhan februari 1130
324,321196,bulan,0803,10 desember 2011
325,321736,bulan,0803,maret 2009 vw do brasil berhasil menjual 2 juta unit kendaraan multi bahan bakar mobil dijual 2003
326,322035,bulan,0803,4 februari gent menandatangani maret kota friesland bergabung 34 gelre
327,322341,bulan,0803,breakaway album kelly clarkson terjual 10 juta kopi april 2006
328,322718,bulan,0803,juli pasukan dikumpulkan tiberias bergerak damaskus
329,324757,bulan,0802,3 tita angga
330,326170,bunga,0601,tanaman penyerbukan tanaman menyerbuk penyerbukan bunga mekar kondisi tertutup penyerbukan tertutup kleistogami
331,326189,bunga,0601,perawatannya bunga tanaman dipupuk 3
332,326203,bunga,0601,mudah melumuri bunga kamboja segar adonan bumbu bawang putih merica garam dicampur tepung terigu baking powder menggorengnya garing kerupuk
333,326330,bunga,0601,kyoto indah salju musim dingin mekarnya bunga sakura musim semi bukitbukit sejuk musim panas pemandangan warnawarni daun musim gugur
334,326592,bunga,0601,spesies lepidoptera kupukupu makan daun bunga tumbuhan
335,326938,bunga,0601,pekarangannya taman luas ditumbuhi pohonpohon lapangan luas terbuka taman bunga mawar
336,327071,bunga,0601,tradisi lokal bunga protea mewakili perubahan harapan
337,327211,bunga,0601,kelopak bunga berbentuk paku
338,327288,bunga,060a,memilih tinggal rumah kos milik hamzah dijalankan anaknya bunga tika panggabean
339,327301,bunga,0603,contoh lihat khotbah 24 santo leo agung tunas pelak perawan maria terberkatilah dinubuatkan tumbuh keturunan isai daud dibuahi roh kudus terbit sekuntum bunga insani bundaperawan
340,327437,bunga,0601,burung makan nektar bunga famili campanulaceae
341,327797,bunga,0601,garis pusat batang tanaman bunga anyelir mencapai 1 cm
342,329618,bunga,0601,menaburkan abu pohon bunga mekar
343,330243,cabang,5001,satusatunya cabang layanan lambang memakai standar kekaisaran
344,330840,cabang,5001,pomologi bahasa latin pomum buah logy ilmu frutikultur bahasa latin fructus buah cultura cabang ilmu botani mempelajari budi daya tanaman buah
345,331204,cabang,5001,kegemarannya membaca jaringan luas mantan ketua cabang pmii ciputat penjelasan detail isuisu terbaru belahan dunia
346,331229,cabang,5001,ekspansi usaha rumah makan 1978 membuka cabang rm garuda kota tebing sumatera utara jl
347,331256,cabang,5001,suku oromo bahasa oromo cabang cush rumpun bahasa afroasiatik
348,332144,cabang,5001,penghargaan dianugerahi perwira personil terdaftar cabang militer india
349,332671,cabang,5001,kebun salah cabang kebun raya indonesia kebun raya bogor masingmasing memiliki tugas fungsi spesifik
350,332755,cabang,5001,cabang amerika serikat didirikan dr paul carus chicago
351,332789,cabang,5001,mahkamah suku coeur dalene pemilik tradisional wilayah cabang eksekutif kongres gamblang menjadikan wilayah wilayah reservasi kompensasi wilayah diserahkan
352,333186,cabang,5001,pondok cabang pesantren almukmin ngruki solo didirikan abu bakar baasyir 1970an pusat kegiatan ji indonesia
353,333282,cabang,5001,keluarga cabang menetap katwijk bergerak usaha penangkapan ikan perusahaan pelayaran
354,333813,cabang,5001,4 desember 1990 24 agustus 1991 diangkat kepala cabang intelijen gunung lebanon
355,334535,cabang,5001,menjelang gelaran sea games xxvii myanmar 2013 cabang olahraga bela tarung derajat dipertandingkan cabang olahraga
356,334761,cabang,5001,unsulutteng dibagi universitas sulawesi utara unisut manado universitas tadulako palu fkip unsulutteng dijadikan ikip yogyakarta cabang manado
357,336261,cerah,4801,vermeer perlahanlahan teliti warnawarni cerah kadangkadang pigmen berharga mahal memakai warna kesenangannya cornflower biru kuning
358,336300,cerah,4803,upacara diadakan harapan cerah generasi muda jepang kehilangan semangat citacita akibat perang dunia ii
359,336340,cerah,4801,guabonito kenampakan berbentuk cincin cerah titan
360,336365,cerah,4801,warna cerah dibandingkan warna penglihatan normal
361,336375,cerah,4801,bangunan masjid menonjol gaya arsitektur perpaduan timur asia aceh pemilihan warna cokelat cerah dikombinasikan warna merah bata kubah masjid
362,336399,cerah,4801,perutnya berwarna cerah punggung kuning keputihan kelabu keputihan
363,336445,cerah,4801,seni lukis mughal tumbuh mandiri terbedakan sumbernya seni rupa safawi berkat pengaruh seniman hindu warnawarna lukisan lambat laun cerah gambargambar lukisan alami
364,336527,cerah,4801,kesukaannya warna cerah ekspresif menghabiskan musim panas 1904 melukis st tropez neoimpresionis signac henri edmond cross
365,336576,cerah,4803,kesuksesan the pajama game and damn yankees menjanjikan cerah duo komponis adler ross
366,336578,cerah,4801,kayu teras berwarna kelabu coklat kuning coklat coklat merah cerah hitam
367,336599,cerah,4801,warna merah muda cerah beta karoten makanan
368,336738,cerah,4801,spesies jamur memiliki warna oranye cerah beraroma buah apak
369,336852,coklat,4703,telur berwarna putih kebirubiruan pucat tanda coklat kemerahan 24 butir
370,337013,coklat,4703,betina coklat alis putih
371,337060,coklat,4703,pepagan berwarna coklat kuning muda berwarna putih kuning muda
372,337104,coklat,4703,warna abuabu coklat berangan
373,337349,coklat,4703,tubuh bajing terbang diselimuti bulu warna coklat keabuabuan hitam
374,337389,coklat,4703,pepagan berwarna coklat hitam
375,337597,coklat,4703,bulunya berwarna hitam individu warna bulunya coklat kemerahan
376,337636,coklat,4703,kaki berwarna coklat gelap memiliki rambut beludru abuabu
377,337732,coklat,4703,bentuk gelap berwarna coklat gelap garis hitam ujung ekor kontras ekor
378,337983,coklat,470d,nama katai coklat diusulkan jill tarter
379,338145,coklat,4703,label rekamannya sampul berwarna coklat memusingkan gothic percaya isinya pop
380,338170,coklat,4703,warna klit putih berubah coklat kuning
381,338183,coklat,4703,nama katak berlumut muncul fakta kulit katak memiliki warna hijau belangbelang coklat menyerupai lumut tumbuh batu
382,338199,coklat,4703,resin kering kepingkeping putih keputihan terbenam massa coklat bening keabuan kemerahan keras rapuh berbau harum enak
383,338220,coklat,4703,vladimir lulus memegang sabuk coklat olahraga karate
384,338366,coklat,4703,senyawa murninya berwarna kalsium karbida warnanya abuabu coklat kandungan cac 8085 sisanya cao cap cas can sic etc
385,338400,coklat,4703,burung muda dada perut coklat kekuningan kotor
386,338430,coklat,4702,kota berkembang pesat hasil buminya kuat cengkeh coklat empang bandengudang
387,33921,atas,4407,2014 dianugerahi padma shri jasajasanya perfilman india
388,3428,asing,5302,persatuan islam hong kong dihitung pekerja asing muslim bangladesh india indonesia pakistan muslim makau 10000 orang
389,348355,dalam,4001,telinga kucing bulat warna bulu coklat kehitaman berwarna terang
390,374745,dalam,4008,diplastrella megastellata spesies spons tergolong kelas demospongiae
391,4813,asing,5302,gen diperbanyak transfer gen asing sel tumbuhan berasal salah satunya daun
392,5337,asing,5301,sinematografer berusaha kamera benda asing baginya mengenal detail kamera berpikir konsentrasinya bidang kreatif sinematografi
393,5372,asing,5302,penggunaannya dipandu bahasa asing mengandaikan aplikasi pelajar smp sma khalayak memahami bahasa inggris mengoperasikan komputer
394,54033,atas,4408,lampau
395,54122,atas,4404,bidang pendidikan penduduk 5 tamat perguruan tinggiuniversitas 1032 orang akademi 246 orang sltasederajat 1055 orang sltp sederajat 1020 orang sdsederajat 2400 orang tamat sd 387 orang belumtidak sekolah 170 orang
396,5435,asing,5302,melibatkan proyek seni kegiatan tur 11 negara eropa 1994 islandia negara asing dikunjunginya
397,57122,atas,4402,bumbu gula pasir kecap asin dituangkan daging matang diadukaduk sayursayuran matang
398,58855,atas,4406,bolshevik berkuasa rusia hidup kemewahan kemegahan
399,60179,atas,4408,pegawai berkantor kantor pusat dewan selusin orang sang presiden gianfranco ravasi sekretaris wail sekretarisnya
400,60912,atas,4403,snape draco pelahap maut meninggalkan sekolah bellatrix melontarkan lambang pelahap maut sekolah menghancurkan aula membakar pondok hagrid tertawa riang
401,614891,dalam,4009,istri petani hamil melahirkan bayi sayang bayi meninggal
402,639982,dalam,4001,rosela memiliki potensi mengurangi kadar kolesterol jahat ldl lemak tubuh
403,66363,badan,1402,2000 kg 4410 enam cantelan 950 l 600 tangki bahan bakar l badan pesawat kombinasi 250 kg 551 500 kg 1102 bom 57mm spin stabil roket terarah ub1657u polong
404,701,asing,5302,restoran sanya terkenal biaya mahal wisatawan asing lokal
405,702057,dalam,4009,meraih penghargaan penulis skenario komedi meraih predikat terbaik festival sinetron indonesia 1996 sinetron suamisuami takut istri
406,711942,dalam,4009,tim nasional sepak bola u23 brasil brasil u23 mewakili brasil kompetisi sepak bola olimpiade
407,714650,dasar,4502,manajemen membaca neraca nilai aset dicermati dasar pengukuran prestasi keuangan perusahaan
408,715475,dasar,4504,zaman modern kota mengembangkan masakan khasnya bahan dasar hasilhasil campagna dekatnya domba sayuran artichoke sayur
409,717339,dasar,4501,siklus pendinginan global zaman es air laut terkonsentrasi puncakpuncak es arktik antartika penurunan permukaan laut seragam eustatic memaparkan dasar laut dangkal
410,719172,dasar,4502,dasar perkembangan bagus kemasan wisata alam kalibiru menarik potensi potensi alamnya potensi kulturbudaya masyarakatnya dipadukan harmonisasi serasi layak dikunjungi
411,719403,dasar,4502,susu formula berbahan dasar kedelai isolate protein kedelai
412,71988,badan,1401,ujungnya bentuk kepala ayam jantan burung nuri alo burung enggang ujung ekor unggas badan lalosu dibungkus kain warna merah kuning
413,720568,dasar,4504,sistem informasi dasar manajer pemasaran sistem pencatatan internal
414,727114,dasar,4502,allah diam gereja dibangun dasar kokoh tempatnya tersendiri bangunan
415,728267,dasar,4501,yupiter memiliki permukaan dasar atmosfer ditentukan terletak tekanan atmosfer 10 bar sepuluh kali tekanan permukaan bumi
416,74838,badan,1403,federasi sepak bola asia timur badan pengendali sepak bola internasional wilayah asia timur
417,752424,dunia,1301,film film keuntungan tertinggi ke21 2001 dunia
418,75537,badan,1403,direktorat badan eksekutif icrc
419,756712,dunia,1301,kali dilhat lae papua nugini tanggal 2 juli 1937 menghilang amelia earhart samudera pasifik navigator penerbangan keliling dunia amelia earhart
420,77160,baru,3901,the learning maestros perusahaan bertujuan menciptakan karya musikal materi pendidikan interdisipliner mengeksplorasi hubungan musik sains literatur seni visual sejarah alam sosial
421,772065,dunia,1302,berkarier dunia film 1975
422,77410,baru,3901,nashar mengadakan pameran tunggal taman ismail marzuki tim tanggal 22 28 februari 1973 menampilkan puluh buah karyakarya lukisannya
423,77416,baru,3901,janari 2013 bandara dioperasikan
424,776595,dunia,1303,2005 majalah tennis sampras dinyatakan pemain terbaik dunia 40
425,7810,atas,4406,ratu kaahumanu meninggal 1832 raja perubahan radikal hukum hawaii
426,78462,baru,390d,bak jamur dimusim hujan karyawan pekerja bumn beramairamai meninggalkan korpri stigma orde membentuk serikat pekerja sp serikat karyawan sekar perkumpulan
427,788357,dunia,1304,menaklukkan antikristus berkuasa maut terbatas dunia kehidupan kekal
428,79152,baru,3901,singel dirilis disertakan kompilasi would you be happier
429,796079,halaman,0401,halaman masjid utsmaniyah payungpayung membentuk pilarpilar tunggal
430,796834,halaman,0402,dialog ulama dikutip mama sempur kitab idzharu zughlil kadzibin halaman 61
431,796857,halaman,0401,wisata dikelola air terjun fasilitas apapun kecuali parkir halaman rumah warga
432,797159,halaman,0401,bangunan dikenal sebutan villa nova letaknya kali ciliwung mengalir halaman bangunan
433,797343,halaman,0401,tenda polisi dibangun halaman bandara
434,798181,halaman,0402,buku halaman kuning memuat informasi bisnis
435,798271,halaman,0402,perempat juta halaman manuskrip kondisi buruk susah dibaca didokumentasikan
436,799483,halaman,0402,heran buku 700 halaman lengkap referensi sumber reproduksi arsip dokumen terkait beserta sumber asli referensi utama penulis sejarah ranah minang
437,799521,harapan,350c,sd indonesia pendidikan sekolah sd harapan koin ditempuh enam pelajaran kelas i kelas vi
438,800074,harapan,3502,mendirikan kelompok wayang orang jaya budaya 1971 bharata 1973 harapan kebudayaan bertahan arus modernisasi
439,800084,harapan,3502,anne berpindah agama anglikan sesuai harapan henry
440,800122,harapan,3502,fransiskan menyebarluaskan devosi kemanusiaan kristus harapan meniru kristus
441,800203,harapan,3502,kesampingkan harapan yakuza apocalypse film aksi laga ringan latar perang mafia
442,800332,harapan,350c,8 januari 2018 mahathir dinyatakan calon perdana menteri aliansi oposisi pakatan harapan pemilu 9 mei 2018 melawan mantan sekutunya najib razak
443,800470,harapan,3502,momolo berencana roma 11 oktober 1858 kali membawa marianna dengannya harapan kehadirannya dorongan kuat gereja edgardo
444,800565,harapan,3502,krisis konfrontasi usaha perlawanan individu individu pemerintah kelompok kepentingan memenuhi tuntutan harapan
445,800577,harapan,3503,satusatunya anak lelaki keluarga orangtua febry menaruh harapan
446,800624,harapan,3502,lui melamar pekerjaan harapan membantu muridmurid pindah sekolah
447,800702,harapan,3502,pesantren menyediakan pendidikan komunitas harapan meningkatkan perlakuan waria jawa
448,800705,harapan,3502,tertarik fotografi memiliki harapan pergi new york melanjutkan sekolah melarikan
449,801188,harapan,3502,harapan menyediakan koneksi internet surabaya notabene masyarakatnya memahami kegunaan internet caroline gondokusumo seijin evy sumarlin membawa bendera dnet surabaya
450,801411,harapan,3502,sekeping ema orang menulis harapan dicapai
451,801566,harapan,3502,voldemort membunuh severus snape harapan memiliki tongkat elder sepenuhnya snape membunuh dumbledore
452,802538,harapan,3502,gantinya mengadakan pameran harapan menjual patung lukisan kuas asia
453,80588,baru,3901,dimanfaatkan adipati agung ferdinand tipu daya johann friedrich memerintahkannya tatanan negaranegara evangelis johann friedrich memiliki wewenang dimiliki ayahandanya
454,805886,jalan,1904,mengambil jalan dunia usaha kesabaran salah kunci utama mencuri hati pasar
455,806184,jalan,1901,flat bastion road jalan gibraltar teritori britania raya ujung selatan semenanjung iberia
456,806915,jalan,1901,akses jalan beraspal memudahkan wisatawan mengunjungi air terjun banyumanis
457,809176,jalan,1904,proses monsanto salah jalan utama produksi asam asetat
458,809896,jalan,190b,smk negeri 4 kota bekasi sekolah menengah kejuruan kota bekasi jawa barat terletak jalan gandaria kranggan wetan jatirangga jatisampurna kota bekasi
459,811812,jalan,1901,dimakamkan jalan salah ratusan nisan digali menyembunyikan badannya orangorang umayyah
460,812932,jalan,1901,pembangunan jalan menghubungkan area duren sawit pulogadung
461,816645,jalan,1901,johar kerap ditanam pohon peneduh tepi jalan pohon hias tamantaman merehabilitasi lahan pertambangan
462,817557,jalan,1901,jalan tol lalulintas lancar arah purwokertoyogyakarta musim mudik lebaran
463,819751,jalan,1901,jalur kereta ditutup okupansi rendah letaknya jalan raya
464,820214,jalan,1901,sekolah dasar negeri sdn cipinang melayu 04 pagi sekolah dasar indonesia terletak jalan kartika eka paksi rt 010 rw 006 kpad jatiwaringin kelurahan cipinang melayu kecamatan makasar jakarta timur
465,82040,baru,390b,labuhan tangga salah desa kecamatan bangko kabupaten rokan hilir riau indonesia
466,822900,jalan,1906,tema utamanya penindasan jalan hidup kekuatan katolik konservatif nazi terpecahkan masyarakat
467,82369,baru,3901,pencapaian puncaknya liquifaksi helium 1908 membuka bidang fisika temperatur rendah memungkinkannya menemukan superkonduktivitas 1911
468,824500,jam,0901,lagu musik dimainkan jam watergate house grand casemates square
469,824589,jam,0902,direbus jam diganti airnya berkalikali buah brayo dimakan camilan tambahan parutan kelapa
470,824914,jam,0903,batas ultimatum jam 600 pagi tanggal 10 november 1945
471,825397,jam,0902,konbini permukiman kawasan ramai buka 24 jam sehari 7 seminggu
472,825583,jam,0902,juli 1927 dokter perawat fransiskan mengamatinya 24 jam sehari minggu
473,825587,jam,0903,lisa larut pergaulan metropolis lisa membohongi gerry ngapel rumah kost lisa jam 9 malam
474,827078,jam,0903,marsda tni mardjono sw meninggal dunia kamis tanggal 23 februari 2012 jam 2030 wib
475,827165,jam,0902,masanya memegang gelar 22 jam terpendek kevin owens pemegang terlama 188 wwe 189
476,827451,jam,0902,brum mengundurkan 18 jam memegang gelar belas runnerup kimberley santos dimahkotai miss world 1980
477,828530,jam,0902,menonton film rachel mengalami koma sekarat jam
478,828878,jam,0902,bernama news channel disingkat bnc stasiun televisi berita malaysia beroperasi 24 jam satelit astro
479,828955,jam,0902,mnc news stasiun televisi berita 24 jam menjangkau wilayah indonesia
480,829379,jam,0902,situ kwartet final ke8 4 jam 18 menit 2 detik
481,829454,jam,0904,uji coba jam sibuk delapan jadwal keberangkatan sehari
482,830066,jam,0901,menara jam khas berfungsi orang simbol leeds ikon visual pemerintah daerah nasional desain brodrick 1856 pemimpin sipil berusaha mencolok berkesan
483,830264,jam,0904,rencananya mendominasi dunia menghentikan jam terhingga membeku memotong orang
484,830539,jam,0901,tampilan menarik mengaitkan sony ericsson liveview jam tangan
485,830587,jam,0901,light menuliskan nama yamada dibalik jam tangannya menaruh secarik kertas death note
486,830876,jam,0904,diagnostik kalibrasi ditangani jam bebas kerja staf
487,832437,jaringan,3603,lawson jaringan toko kelontong terbesar nomor jepang 7eleven
488,832674,jaringan,3603,menyusul produksi minyak komersial arabian oil company mendirikan komplek perumahan 73 tinggal dibangun area seluas memiliki drainase listrik air bersih telepon kabel jaringan jalan
489,832763,jaringan,3602,karya kehidupan manusia berubah jaringan komputer terhubung
490,833062,jaringan,3603,teheran kota sarat kehidupan terletak kaki pegunungan alborz jaringan jalan tol tertandingi asia barat
491,833195,jaringan,3602,23 april 2014 xiaomi mengumumkan jaringan penghala mi wifi versi beta tersedia penguji beta dipilih
492,833519,jaringan,3602,netlabel perhatian media ketimbang fenomena jaringan peertopeer p2p
493,834550,jaringan,3603,iso 22000 mengharuskan risiko jaringan pangan bahaya disebabkan proses fasilitas teridentifikasi terukur
494,834820,jaringan,3603,berdasarkan penuturan salah anak alm mbah songeb pipa besi terkoneksi kabel kawat menancap halaman rumahnya jaringan listrik pln masuk desa
495,835311,jaringan,3603,asian highway 15 ah15 jaringan jalan asia vinh vietnam udon thani thailand menghubungkan ah1 ah12
496,835547,jaringan,3602,teknologi jaringan akses global dominan epon ethernet passive optical network
497,835682,jaringan,3602,jaringan kabelvision diubah digital 1
498,835767,jaringan,3601,pengobatan efektif menyembuhkan penyakit tuntas penyebabnya rusaknya jaringan otak saraf tulang
499,835803,jaringan,3601,pembengkakan akibat berkumpulnya air jaringan sel ekstrasel tingginya asupan garam gula diet penderita
500,836196,jaringan,3603,bukubuku diproduksi terbitan perusahaan cartoon network books divisi penguin young readers group didasarkan kemitraan jaringan 2013
501,836666,jaringan,3601,obat tersedia bentuk suntikan plester samping diserap jaringan mulut
502,836960,jaringan,3603,uni eropa menjalin proyek kerja berbentuk jaringan pusat kreatif creative hub daerah
503,837305,jaringan,3603,didirikan multiply indonesia bertujuan menjalin kerja bisnis strategis komprehensif mengedukasi pasar indonesia berkaitan kegiatan perdagangan elektronik memperkuat jaringan komunitas usaha menengah ukm indonesia
504,838023,jaringan,3603,transportasi dikenal transportasi publik transportasi massal layanan angkutan penumpang tersedia masyarakat berbeda moda transportasi taksi bus sewa perusahaan jaringan transportasi diakses masyarakat pemesanan mandiri
505,838178,jaringan,3601,operasi tindakan pembedahan eksisi intra keloid pembuangan jaringan keloid menyisakan tepi keloid
506,838580,jaringan,3601,menusuk tubuh mangsanya tabung khusus mulutnya menyuntikkan enzim pencerna tubuh mangsanya menghisap jaringan tubuh mangsanya berbentuk cair
507,838864,jaringan,3602,layanan internet jaringan gprs
508,839891,jaringan,3601,selsel terbentuk jaringan kompensasi banyaknya selsel mati pasif berperan selsel penyimpan cadangan energi buah umbi metabolit sekunder mengisi jaringan tumbuhan bertambah massanya tumbuhan tahunan
509,840059,jaringan,3603,bandara brisbane diakses distrik pusat bisnis gateway motorway layanan kereta api airtrain terhubung jaringan kota citytrain
510,840517,jaringan,3602,3g bahasa inggris thirdgeneration technology standar ditetapkan international telecommunication union diadopsi imt2000 diaplikasikan jaringan telepon seluler
511,840582,jaringan,3602,server web membatasi mengakses jaringan pribadi intranet perusahaan mempublikasikan halaman waring wera wanua
512,841122,jaringan,3601,tercakup sistem hidroponika beserta variasinya kultur jaringan tanaman
513,841361,jaringan,3601,informasi jaringan lembut conodont
514,841480,kabur,3803,jakarta alya marcella daryanani kabur rumah kesal orangtuanya
515,841551,kabur,3803,laju tentara jerman menjepit menyebabkan tentara inggris tentara perancis perancis kabur inggris
516,841573,kabur,3803,pasukan xia kehilangan dukungan rakyat kabur perlawanan
517,841644,kabur,3803,gajah menyelamatkan bayinya berusaha kabur kejaran arya anak buahnya bayinya jatuh jurang
518,841668,kabur,3803,terjebak ruang tahanan istana lupin zenigata sepakat kabur menggagalkan operasi uang palsu count menyelamatkan clarisse perjodohannya count
519,841881,kabur,3803,keheranan terjawab jovan anak abidin kabur meninggalkan rumah dokter hewan ketimbang kuliah kanada sesuai ayahnya
520,841904,kabur,3803,perempuan kabur kakaknya bernama kak jimmy berusaha menikahkan adiknya teman 1 geng motornya
521,842020,kabur,3803,aleksander kabur makedonia ibunya titipkan saudara ibunya dodona kota epiros
522,842023,kabur,3803,onderkoopman saudagar junior jeronimus cornelisz farmakolog pailit alias si apoteker ahli bidah haarlem kabur negeri belanda menghindari penangkapan akibat menganut ajaran sesat dihubunghubungkan pelukis johannes van der beeck alias torrentius
523,842050,kabur,3803,demeter menolak berusaha kabur menyamar kuda betina milik raja onkios
524,842093,kabur,3803,upaya pembunuhan gagal kebanyakan baathis utama orangorang bersekongkol dengannya alrikabi kabur suriah
525,842103,kabur,3801,seolaholah benda terbang melayanglayang pandangan kabur hilang 1 mata segeralah berobat robek lepasnya sebagianseluruh retina
526,842120,kabur,3803,sisasisa pasukan liang kabur bergabung lin kekuatan militer lin pulih
527,842182,kabur,3803,kelompok kabur cepat hermione memperhatikan anjing berdiri pintu perangkap
528,842265,kabur,3803,menghindar kejaran ayahnya terhasut memutuskan kabur negara zhai
529,842322,kabur,3803,pengacaranya syamsul bahri penolakan penahanan mengajukan penangguhan penahanan menjamin kliennya kabur proses hukum
530,842368,kabur,3803,sari labil sedih kabur sumdac tower pindah markas autobots
531,842568,kabur,3803,athena augeus menikahi midea kabur korinth
532,842631,kabur,3803,kontraktor pertahanan negara saingan tony stark justin hammer sam rockwell membantu vanko kabur membicarakan armor whiplash
533,842654,kabur,3803,kabur pasukannya bertemu anak bernama lemon sengaja masuk robot parfait cacao lemon jatuh bumi
534,842749,kabur,3803,sephiroth lahir hojo membawa kabur anaknya meninggalkan lucretia
535,842784,kabur,3803,berujung pemberhentian albus dumbledore kepala sekolah hogwarts mengaku dalang pembentukan ld berhasil kabur hogwarts cedera
536,842816,kabur,3801,mengadu teknik shuriken penglihatan itachi kabur akibat mangekyou sharingan pertarungan itupun dimenangkan sasuke
537,847746,kaki,0203,suderaniyagala direktur jenderal arkeologi srilanka pengarang buku early man and the rise of civilization in sri lanka the archaeological evidence peradaban manusia muncul kaki gunung himalaya 200000 silam
538,856868,kali,1104,nama ilmiah spesies kali diterbitkan 2009 alvarez hooper
539,85688,baru,3901,leithead 2004 menulis menghadapi oposisi signifikan mengamankan penerimaan kekuatankekuatan sang raja menciptakan kerajaan bersatu mudah diperintah monarki peninggalan tanah signifikan
540,857154,kali,1104,nama ilmiah spesies kali diterbitkan 2013 calcinai bavestrello bertolino pica wagner cerrano
541,857802,kali,1104,nama ilmiah spesies kali diterbitkan 1905 crosby
542,862451,kali,1104,nama ilmiah spesies kali diterbitkan 2006 zhu lian chen
543,863574,kali,1104,istu subagio karier militernya pangkat letnan bertugas kali yonif 141ay jp komandan peleton
544,865469,kali,1104,wilayah cumming kali ditinggali sukusuku cherokee
545,868631,kali,1101,meraih kali gelar juara wwe championship
546,868674,kali,1101,kitab kali disyarah
547,872421,kali,1104,stasiun televisi kali mengabarkan kematian olga menghadirkan telepon langsung manajer olga mak vera presenter entertaiment news update vannico soekarno
548,874861,kali,1104,pemerintahan presiden soeharto terangterangan berubah rezim otoriter kali otoritarianisme sayap kiri era soekarno kediktatoran junta militer militer dimana menduduki jabatanjabatan publik strategis demokrasi intevensi militer dalamnya
549,876721,kali,1101,anggota allnba team enam kali memimpin liga mencetak angka musim kompetisi 201415 201617
550,877465,kali,1101,puncak pertempuran bourdais vs allmendinger surfers paradise australia hasil kemenangan bourdais lantas pembalap cart memenangi kejuaraan cart kali ted horn 1948
551,878123,kali,1101,musim 2002 memiliki rekor 3 kali tersingkir finish p5 klasemen pembalap
552,883921,kali,1101,eshan sikat gigi 5 kali sehari
553,884419,kali,1101,bernama ps pusam kali team terancam bubar dana dibantu pemkot samarinda harapan
554,889251,kali,1104,peneliti inggris menemukan ujungnya kali ekspedisi gua tertutup air
555,892190,kali,1104,muhammad kali bertempur pamanpamannya peperangan
556,893071,kali,1102,ekor magnetosfer memanjang 72 kali radius neptunus
557,895923,kepala,0302,pejabat menangani pemerintahan desa meliputi kepala desa carik sekretaris desa kebayan urusan keamanan ulu ulu urusan pertanian modin urusan keagamaan
558,901197,kepala,0301,infeksi daerah kepala leher otitis media mastoiditis menyebabkan meningitis orang
559,903170,kepala,0302,1847 1858 aidedecamp lord clarendon lord st germans sukses kepala letnan irlandia
560,905526,kepala,0301,helm penyerang helm tempur jenis helm sepotong zirah personal dirancang khusus melindungi kepala penyerangan
561,906109,kepala,0302,ladjie taq kepala adat suku wehea tokoh adat wehea menetapkan aturan 4 november 2004 khusus dijaga pasukan adat dayak wehea rangers bernama petkuq mehuey
562,907022,kepala,0302,sang ratu kepala pemerintahan mengepalai dewan negara rancangan undangundang disetujui parlemen ditandatangani sah undangundang
563,907382,kepala,0301,kebanyakan burung minum menghisap air memiringkan kepala
564,907550,kepala,0304,hebatnya kepala dibiarkan polos visor berbahan acrylic tahan panas sehinggamotor terkesan keren mewah
565,908088,kepala,0302,1975 mengundurkan jabatannya dirjen p4m diangkat kepala badan penelitian pengembangan kesehatan departemen kesehatan 1978
566,908336,kepala,0302,berasal etnis mandingo kabbah kepala negara muslim sierra leone
567,910204,kepala,0302,karier pramono meningkat wakil danjen kopassus 2005 kepala staf kodam ivdiponegoro 2007 komandan jenderal komando pasukan khusus kopassus tni ad 2008 2009
568,913696,ketat,4102,kriteria ajang 2003 ketat kriteria
569,913702,ketat,4102,aturan kependudukan balikpapan ketat menjaga keamanan ketertiban penduduk aparat gabungan razia rutin waktuwaktu
570,913713,ketat,4103,akibat pembunuhan stalin mengkhawatirkan upaya pembunuhan meningkatkan keamanan pribadinya memperoleh penjagaan ketat jarang muncul muka
571,913813,ketat,4104,gulbis kalah set ketat mengambil set 64 kekalahan pertamanya semenjak menang 13 kali berturutturut
572,913902,ketat,4101,fenomena jilboobs perhatian serius komisi perlindungan anak indonesia kpai jilbab pakaian ketat tembus pandang memenuhi standar kewajiban
573,913910,ketat,4103,permintaan amir menyeleksi ketat hadis tertuang kitab alsunan alkubra
574,913966,ketat,4103,voc mengadakan patroli ketat jenis kapal perahu melewati selat bali
575,914021,ketat,4102,ajaran salafi dikaitkan pendekatan islam literalis ketat puritan
576,914046,ketat,4103,periode pengawasan ketat tentara nasional indonesia
577,914047,ketat,4101,laporan grey memakai seragam ketat berwarna netral pakaian senam
578,914232,ketat,4104,acara diterima pemirsa slot persaingan ketat star plus suhani si ek ladki
579,914260,ketat,4104,lagu mengalahkan persaingan ketat super junior 2ne1 and sistar
580,914268,ketat,4102,ketiga badan penyelenggara negara parlemen legislatif eksekutif pemerintah aparatur administrasi negara polisi tentara pengadilan pelaksana yuridiksi terikat ketat hakhak asasi
581,914394,ketat,4103,pemerintah hindia belanda mengawasi ketat kegiatan rapat pemuda
582,914426,ketat,4104,persim maros bersaing ketat kompetisi selesai perseman manokwari persma manado persekaba badung merebut tiket promosi divisi utama liga indonesia 2007
583,914538,ketat,4102,pertamatama peraturan istana ketat beradaptasi melaksanakan tanggung pemimpin
584,914541,ketat,4102,program ketat diberlakukan pemerintah menghasilkan tandatanda pemulihan ekonomi brasil jabatan figueiredo
585,914567,ketat,4101,baju kurung malaka berpotongan ketat pendek
586,914569,ketat,4104,lantas bersaing ketat musim puncak pertarungan gp jepang 1989
587,914603,ketat,4102,aturanaturan berpuasa ketat barat
588,914621,ketat,4104,penggunaannya alat pengujian dna bersaing ketat mikrosatelit ssr str minisatelit
589,914722,ketat,4103,variasi laju cahaya frekuensi diamati pengujian ketat menempatkan batas ketat massa foton
590,914745,ketat,4103,melancarkan serangan gigih seraya pengepungan ketat penjuru kota ambarawa
591,914825,ketat,4102,peraturan eev diterapkan eropa ketat standar euro 5
592,914832,ketat,4101,meraih perhatian kostumnya gaun ketat berwarna kulit diselimuti kelapkelip membuatnya telanjang
593,914862,ketat,4102,negaranegara eropa menegakkan regulasi ketat kompensasi bank as melakukannya
594,914914,ketat,4103,dididik rumah dijaga ketat ibunya manajer
595,915952,kulit,1701,mata ikan penyakit kulit menyerang telapak kaki
596,915977,kulit,1701,penyakit ditandai kulit kepala bersisik bintilbintil kulit kepala disertai bercakbercak
597,916419,kulit,1701,kunti mengutuk memakai kemben kulit sengkuni
598,917149,kulit,1701,tangerang banten masyarakat tionghoa menyatu penduduk mengalami pembauran perkawinan warna kulit kadangkadang gelap tionghoa
599,917256,kulit,1701,zat kimia nano melindungi kulit sinar uv berbahaya menyerap memantulkan cahaya mencegah kulit mempertahankan kerusakan penuh akibat fotoeksitasi elektron nanopartikel
600,917650,kulit,1701,kejaadiankejadian anak diajarkan berprasangka individu kulit hitam
601,918541,kulit,1701,kelas warga kulit putih eropa amerika jepang dll kelas warga timur asing arab india tionghoa dll kelas pribumi indonesia
602,918701,kulit,1701,telapak kaki memiliki lipatan terbentuk embriogenesis mengandung lapisan kulit tebal tubuh manusia bobot tertumpu atasnya
603,920651,kunci,4206,sosok eddie dikenal kontroversial 2012 namanya melambung saksi kunci korupsi emir moeis
604,920703,kunci,4206,bnd pemain kunci perekonomian politik kelompok pertahanan populasi berujung peningkatan kesejahteraan hidup eropa
605,920954,kunci,4203,orang kunci perebutan kekuasaan mengendalikan kerajaan chaebol
606,921217,kunci,4203,kunci pembangunan sumber daya manusia berkualitas pendidikan
607,921322,kunci,4206,taman bumi warisan mempromosikan kepedulian isuisu kunci dihadapi masyarakat konteks dinamika planet tinggali
608,921640,kunci,4203,informasi pengetahuan dikumpulkan kunci mengatasi inefisiensi
609,921688,kunci,4201,pintu makan dibangun penuh simbolisme kunci makam membuka palcio da regaleira istananya lisbon rua do alecrim
610,921729,kunci,4206,inna salah pemain kunci tim uni soviet berpartisipasi olimpiade meraih medali emas medali perak
611,921832,kunci,4206,guillaume memainkan peran kunci menjaga integritas county amadeus iv savoia menerima porsi signifikan otoritasnya
612,922161,kunci,4201,cekam rahang menggerakkan kunci penggeraknya rahang bergerak persatu
613,922409,kunci,4206,kunci ungkapan dr notohamidjojo kepemimpinan bakat pengembangan
614,922729,kunci,4206,atribut kunci karakteristik pembangunan penyebaran reaktor nuklir menerangi perbedaan generasi reaktor
615,922758,kunci,4206,anggota kunci jordi gonzalvo tim fc barcelona b memenangkan liga promosi divisi ii
616,922820,kunci,4206,tambahan robot diajarkan meniru gerakan manusia berhadapan orang memasang titiktitik reflektif titiktitik kunci tubuhnya
617,927089,layar,1602,ipad mini 2 memiliki resolusi ipad air layar mini 2 memiliki pixel padat dibandingkan saudaranya
618,927114,layar,1601,minggu berlayar fletcher christian awak memaksa letnan bligh turun kapal
619,927139,layar,1601,bertolak valsbaai 1 juli bounty pelayaran mengarungi samudra hindia pelabuhan persinggahan teluk adventure tasmania
620,927378,layar,1601,pelayaran perdananya kri bima suci melaksanakan pelayaran kartika jala krida kjk 2017 119 tarunakadet akademi angkatan laut tingkat iii angkatan 64
621,927389,layar,1601,anjiro mendengar kabar fransiskus 1545 berlayar kagoshima malaka maksud bertemu dengannya
622,927896,layar,1602,gito gilas bernama asli gito nusantoro pemeran indonesia karier aktor layar lebar beralih layar sinetron
623,928251,layar,1602,2002 memutuskan dunia layar lebar kali mengangkat cerita video game resident evil
624,928265,layar,1602,mark bermain teater 1962 merambah layar lebar televisi 1970
625,928786,layar,1601,akuisisi signifikan meningkatkan daya saing raytheon bidang navigasi pelayaran
626,929286,layar,1601,timur kabupaten paser melintang selat makassar dimasa memiliki prospek fungsi jalur alternatif pelayaran internasional
627,929505,layar,1602,halnya internet ukuran layar mengurangi kenyamanan berkamera
628,932130,lebat,5501,menghambat pertumbuhan tanaman inang mistletoe lebat mematikan tanaman inang
629,932133,lebat,5502,iklim brunei tropis khatulistiwa suhu kelembapan sinar matahari hujan lebat
630,932144,lebat,5502,aliran lahar banjir lumpur kombinasi lumpur debu disebabkan mencairnya salju puncak gunung disebabkan hujan lebat akumulasi material stabil
631,932174,lebat,5501,singa utara memiliki bulu lebat berwarna kuning merah
632,932184,lebat,5501,penyakit mulamula merusak menyerap menggantikannya tulang berserabut kasar lebat struktur abnormal
633,932195,lebat,5501,asuransi kesehatan jiwa penyedia asuransi menanggung biaya risiko trekking hutan hutan lebat leuser
634,932203,lebat,5502,hujan lebat menyebabkan kekacauan karachi pakistan menewaskan 228 orang menyebabkan aliran listrik padam
635,932206,lebat,5501,amerika bison tinggal lembah sungai dataran padang rumput daerah dipenuhi semak lebat binatang makanan utamanya rumput tanaman semak
636,932217,lebat,5502,jawa hujan lebat menyebabkan sungai citarum meluap daerah baleendah dayeuhkolot bojongsoang perusahaan listrik indonesia pt pln menutup pembangkit listrik baleendah keselamatan
637,932225,lebat,5501,jarang dicukur bunganya lebat musim panas
638,932233,lebat,5501,daerah membentuk muka bumi pinggir laut miring hutan lebat berbukitbukit
639,932252,lebat,5502,hujan lebat menghambat resolusi menentukan artileri perancis membuktikan keunggulannya
640,932264,lebat,5502,tanah lemou tua masyarakat hidup tenang bahaya banjir hujan lebat diapit sungai binatang katak menganggu kehidupan kesejahteraan masyarakat
641,932277,lebat,5502,agustus hujan lebat menyebabkan sungai han meluap
642,932297,lebat,5502,warga hujan bertambah lebat 1100 malam 1 pagi
643,932302,lebat,5501,daerah mengandung g2g berharga memiliki hutan lebat tanah kapur mafik
644,932314,lebat,5501,buah pohon mudah orang rimbo masuk hutan lebat
645,932360,lebat,5501,medan hutan lebat menguntungkan
646,932399,lebat,5501,hutanhutan lebat dibalak wilayah pedalaman sungai sarana pengangkutan kayu
647,93243,baru,3901,mempersembahkan karya inovatif bidang seni pertunjukan
648,932430,lebat,5502,malam marinir gavutu dilindungi hujan badai lebat tentara jepang seranganserangan terpisah
649,932436,lebat,5501,anjing memiliki bulu hangat lembut lebat beradaptasi lingkungan bersuhu dingin
650,932483,lebat,5501,esau memiliki kulit berbulu lebat suka memburu
651,932492,lebat,5502,erika melanda didahului curah hujan lebat dibutuhkan bahama
652,932493,lebat,5502,hujan lebat bergerak florida indian river county menghasilkan gelombang 68 kaki 1824 m hembusan angin
653,932505,lebat,5502,sungai mencapai 241 kilometer daerah aliran sungai mencapai 8200 km persegi debit air sungai ratarata 100 m s salju mencair ditambah hujan lebat sungai arno menyebabkan bencana banjir
654,932530,lebat,5501,takur burung habitat hutan relatif lebat kering terbuka hutanhutan pesisir
655,934236,lingkungan,3401,desain fungsional hemat biaya visual menyenangkan ramah lingkungan dipertahankan kelestariannya
656,935132,lingkungan,3401,pushidrosal tugas pokok menyelenggarakan pembinaan fungsi pelaksanaan kegiatan hidrooseanografi hidros meliputi survei penelitian pemetaan laut publikasi penerapan lingkungan laut keselamatan navigasi pelayaran kepentingan tni data informasi wilayah pertahanan laut rangka mendukung tugas pokok tni angkatan laut
657,936846,lingkungan,3402,difa menyukai lingkungan barunya dianggap kampungan membosankan lantas memprovokasi bang jack warga kampung kincir kebanyakan petani bergaya hidup modern berhasil membujuk petani grup facebook
658,937574,lingkungan,3401,percaya daya dukung lingkungan menurun berdampak menurunnya kualitas kehidupan manusia
659,939528,lingkungan,3403,lulusan program diploma keuangan pkn stan diangkat calon pegawai negeri sipil cpns lingkungan kementerian keuangan instansi pemerintah pusat daerah sesuai formasi tersedia bersangkutan berdasarkan peraturan kepegawaian berlaku
660,940003,lingkungan,3401,lingkungan belajar dinamis pekerja pelanggan pemegang saham ruang kelas jaringan
661,94120,baru,3901,penghematan mengurangi perjalanan organisasi mengadopsi jenis media komunikasi mengikuti perkembangan fungsi bisnis zaman modern
662,943947,mata,1002,ketiga akarnya menembus dunia bernama hel niflheim muspelheim dunia memperoleh mata air yggdrasil
663,943948,mata,1005,jamur tumbuh soliter koloni tumbuh mata kayu luka kayu pohon elm maple
664,945120,mata,1004,menjuluki kenshin pengembara pedang mata pisau terbalik dilahirkan menjaga orang cintai
665,946690,mata,1001,mata terbuka tubuhnya keras malaikat sekelilingnya
666,947586,mata,1001,harimau lingkaran mata ditutup sehelai saputangan berperan kambing lingkaran dijaga pemain tangan berpegangan harimau masuk lingkaran
667,947904,mata,1006,koruptor bejat mata hidayat dimakamkan terhormat taman makam pahlawan kalibata
668,94864,baru,3902,album resmi tercatat platinum pari tanggal 25 september meraih double platinum keesokan harinya
669,948673,mata,1001,pseudomiopi miopi palsu disebabkan ketegangan mata kerja jarak
670,951170,mata,1001,sesuai bayer pattern mengalokasikan piksel saluran hijau meniru sensitifitas mata manusia meningkat cahaya hijau
671,951196,mata,1001,seni rupa cabang seni membentuk karya seni media ditangkap mata dirasakan rabaan
672,953407,membawa,3005,kota rawan banjir bandang hujan diakibatkan tekanan rendah pantai timur depresi tekanan rendah memasuki negara musim dingin musim semi membawa kerusakan hujan deras angin badai gelombang
673,95374,baru,3901,konferensi kesempatan unik menelaah agenda perkotaan pemerintah merespon mempromosikan model pembangunan perkotaan mengintegrasikan aspek pembangunan berkelanjutan mewujudkan keadilan kesejahteraan kemakmuran dr joan clos
674,954684,membawa,3001,kemana kabayan pergi bepetualangan ditemani sahabatnya kunangkunang bernama liplap membawa alat musik calung
675,956784,membawa,3007,kolonialisasi inggris bhikkhu u ottama 1886 membawa pencerahan politik inspirasi aung san kemerdekaan burma
676,957531,membawa,3004,mencatatkan gol membawa madura united fc perempat final piala presiden 2017
677,959081,membawa,3001,barangbarang cucu amaterasu niniginomikoto menjaga jepang membawa pedang kusanagi
678,959306,membawa,3004,orangorang leipzig sarat warisan kota perdagangan kota musik marah membawa kesimpulan berlanjut mengambil tindakan
679,959612,membawa,3002,terkadang masyarakat distrik soyoi mambai membawa hasil kota kabupaten
680,960367,membawa,3005,kedekatan tumbuh deni intan membawa
681,962338,membawa,3003,membawa
682,962848,membawa,3005,menganggap pernikahan membawa keuntungan tersendiri mewujudkan mendirikan sekolah perempuan bumiputra
683,963208,membawa,3002,pesawat prototipe nomor 2 dipakai ana membawa api olimpiade livery dicat ulang livery japan domestic airlines nama seikag api olimpiade generasi 1
684,963269,membawa,3005,tanizaki menikah 1915 pernikahan membawa kebahagiaan
685,963968,membawa,3005,perang membawa pengaruh escoffier pemikiranpemikirannya
686,964234,membawa,3003,membawa ssang gi menetralisasi bangsa tionghoa istanya reformasi agresif
687,965340,membawa,3001,menyuruhnya membawa perlengkapannya bergabung sesi latihan
688,965421,membawa,3001,mirmo suto cepatcepat ditempat persidangan membawa alas tikar tidur duriduri terkejutlah doro onder bingung menghukum mirmo suto dibebaskan hukuman
689,966279,membawa,3002,pesawat awak pesawat nirawak en unmanned aerial vehicle disingkat uav drone mesin terbang berfungsi kendali jarak pilot mengendalikan hukum aerodinamika mengangkat membawa muatan senjata muatan
690,966848,memecahkan,2503,finis urutan keempat berhasil memecahkan rekor nasional yunior 16 menit 21 detik
691,966863,memecahkan,2502,farmakoepidemiologi didefinisikan ilmu mempelajari penggunaan obat efek sampingnya manusia menerapkan ilmu memecahkan
692,966925,memecahkan,2502,sahabat tinggalnya tersebar berkurang kebutuhan memecahkan mendorong sahabat bertemu bertukar al hadist
693,967081,memecahkan,2502,pendekatan berbeda memecahkan kejahatan dongsoo berselisih hwang shinhye oh yeonsoo profiler korea belajar negeri
694,967148,memecahkan,2503,tanggal 2 maret 2009 hotel memecahkan rekor muri penyelenggara pemeriksaan kesehatan gratis mencapai 11136 orang pasien melibatkan 163 orang dokter 123 orang relawan 0800 1530
695,967260,memecahkan,2503,sayangnya teknologi dilarang formula 1 nigel mansell team william memecahkan rekor musim balapan 1992 suspensi aktif
696,967450,memecahkan,2503,manfred ruhmer austria memecahkan rekor dunia terbang 7006 kilometer 2001
697,967549,memecahkan,2502,historis bahan bakar dispenser memiliki rentang desain luas memecahkan mekanik pemompaan mekanis pengukuran keamanan estetika andal
698,967563,memecahkan,2502,juli 1210 diselenggarakan pertemuan uskup lokal pangeran memecahkan bulla paus innosensius iii bermasalah memulihkan gagasan persatuan provinsi seniorat
699,967573,memecahkan,2503,lagu dirilis layanan streaming tanggal 24 agustus 2017 menerima delapan juta stream 24 jam dirilis spotify memecahkan rekor streaming singel
700,967665,memecahkan,2503,universitas memecahkan rekor pertandingan dodgeball terbesar berturutturut
701,967722,memecahkan,2502,batas kesanggupan kecakapan memecahkan ditentukan faktor bawaan
702,967745,memecahkan,2503,rekor 100 meter olimpiade bejiing memecahkan rekor pegang 972 detik diciptakan kejuaraan reebok new york 31 mei 2008
703,967782,memecahkan,2503,24 maret 2005 departemen energi as mengumumkan blue genel memecahkan rekor komputer tercepat mencapai 1355 tflops
704,967796,memecahkan,2501,karnivor memiliki sistem pencernaan pendek memecahkan selulosa ditemukan tumbuhtumbuhan
705,967831,memecahkan,2502,ahli epigrafi dibutuhkan memecahkan catatan sejarah ditulis masyarakat lampau dimengerti masyarakat
706,967925,memecahkan,2503,rogers memecahkan rekor berusia 26 hank snow berusia 59 11 minggu lagunya hello love urutan nomor
707,967952,memecahkan,2503,guiding light dikenal the guiding light 1975 gl drama memecahkan guinness world records sinetron terpanjang
708,967959,memecahkan,2501,perbedaan utamanya pemanfaatan jenis kapang koji memecahkan pati
709,968160,memecahkan,2502,aljabar abstrak dikembangkan abad ke19 berasal ketertarikan memecahkan persamaan berfokus teori galois permasalahan konstruktibilitas
710,968211,memecahkan,2503,memecahkan rekor dipegang alves magno
711,968304,memecahkan,2501,de ruyter terpaksa memecahkan genteng atap masuk gereja pintu gereja
712,968318,memecahkan,2503,lin menyelesaikan kariernya sekolah pemain sejarah ivy league memecahkan rekor 1450 points 1483 450 rebound 487 400 assist 406 200 steals 225
713,969201,menangkap,3302,akuarium ditinggalkannya polisi bersumpah membuka kematian adiknya menangkap si pembunuh
714,969255,menangkap,3302,hongwu menangkap orang tekateki menghina permaisuri ma bemaksud menghukum mati sang permaisuri pengampunan hongwu membebaskannya
715,969804,menangkap,3302,liu kehilangan wilayah dicaploknya li shimin pasukannya berhasil menangkap membunuh jenderal tang luo shixin
716,970596,menangkap,3302,polisi new york ins penjaga pantai polisi thailand hong kong interpol bekerjasama menangkap pelaku
717,970822,menangkap,3302,yan fei lolos jebakan jala beracun berusaha menangkap hao zhang ting gagal tu fung san berhasil menundukkan bo jing lei cepat
718,971008,menangkap,3304,stasiun radio amatir mencatat sinyal elf rendah antena buatan memainkannya kecepatan menangkap fluktuasi alam ladang elektromagnetik bumi
719,971298,menangkap,3301,hidrogen mudah kehilangan menangkap elektron kimia masuk golongan unsur golongan 1 17
720,971892,mendorong,2602,1960 revolusi kognitif penelitian manusia bertahap mendorong transformasi penelitian hewan
721,971949,mendorong,2602,naiknya kate middleton putri kerajaan britania penyelenggaraan olimpiade london 2012 faktorfaktor mendorong london kota mode dunia
722,971967,mendorong,2602,dicatat kitab ezra pasal 52 yesua pemimpin mendorong pembangunan bait suci
723,972015,mendorong,2602,marilah memperhatikan mendorong kasih pekerjaan
724,972069,mendorong,2602,kenyataan menyakitkan mendorong salah hidup
725,972083,mendorong,2602,kota memiliki perkembangan cepat pelabuhan laut mendorong percepatan pembangunan
726,972133,mendorong,2602,1960an pemerintah berusaha mendorong keluarga memiliki keturunan berdasarkan kepercayaan mao peningkatan populasi penduduk mempengaruhi pertumbuhan negara mao mencegah program keluarga berencana tiongkok
727,972771,mendorong,2602,enzim katalis reaksi sipf logam transisi bertindak katalis mendorong pembentukan peptida kondisi larutan nacl konsentrasi tembaga ii aktivitas katalitik tertinggi
728,973077,mendorong,2602,mendorong pendengarnya menerima pengampunan ditawarkan kristus
729,973242,mendorong,2602,terpilih paus leo xiii mendorong pemahaman gereja dunia modern
730,973690,mendorong,2602,penguasa muwahidun mendorong perkembangan seni tulisan menghasilkan ibnu tufail ibnu araby ibnu rusyd
731,973756,mendorong,2601,kantong udara kemudi mengembang cepat mendorong kepalanya pipa
732,973781,mendorong,2602,serangkaian rumit manuver kontramanuver jepang mendorong armada rusia pertempuran port arthur 1905
733,973863,mendorong,2601,ian marah dikejutkan wendy menggeser kotak menyebabkan paku jatuh erin mengambil tongkat magnet membersihkan pakupaku mendorong tongkat magnet kesisi lemari mendorong rantai besi kebawah mesin derek mati hidup
734,974059,mendorong,2602,september 2000 departemen negeri perdagangan australia merilis file rahasia komentar pemerintah buruh whitlam mendorong rezim suharto menyerang timor timur
735,974140,mendorong,2602,patriarkh yunani aleksandria kirilos iii patriarkh ekumenikal konstantinopel kirilos i lucaris mendorong reformasi gereja ortodoks timur sejalan protestan kalvinis
736,974278,mendorong,2602,tujuan iredentisme italia memengaruhi korsika pemerintahan fasis benito mussolini organisasi kuat mendorong penyatuan pulau kerajaan italia didirikan
737,974333,mendorong,2602,mewujudkan dibutuhkan investasi bidang infrastruktur pendidikan berkualitas mendorong kreativitas terobosan bidang sains teknologi
738,974573,mendorong,2602,mendorong pasukannya mikhael memerintahkan putra mudanya theophilos memimpin prosesi dinding membawa sepotong salib sejati mantel perawan maria standar dikibarkan gereja st maria blachernae pandangan penuh pasukan
739,974930,mendorong,2602,berkembangnya amsterdam salah pusat perdagangan eropa 1580an mendorong belanda memperluas jaringan perdagangannya eropa utara mediterania levant
740,974959,mendorong,2602,upaya nazi mendorong emigrasi yahudi jerman berhasil gagasan mendeportasi orang yahudi madagaskar diangkat pemerintah nazi 1940
741,975442,mendorong,2602,contohnya promosi bahan bakar nabati pemerintah upaya mengatasi pemanasan global mendorong penggundulan hutan wilayah
742,975801,mendorong,2602,pribadi hitler mendorong temanteman dekatnya merokok menghargai orangorang berhenti merokok
743,975892,mendorong,2602,komunikasi pemasaran berkontribusi ekuitas merek menanamkan merek ingatan menciptakan citra merek mendorong penjualan mempengaruhi nilai pemegang saham
744,975926,mendorong,2602,intinya gerakan kebangsaan negara mendorong negaranegara indonesia melawan penjajahan kolonialisme negaranya
745,976338,mendorong,2602,perdamaian pbb aktif mendorong perlucutan senjata
746,978854,menerima,3102,botol kaca romawi berisi balsem dicampur minyak suci diduga dibawa seekor merpati roh kudus monarki perancis mengaku menerima kuasa karunianya
747,985392,menerima,3101,negara hukum britania raya irlandia australia kanada penyidikan publik berbeda royal commission dimana penyidikan publik menerima bukti mengadakan pendengarannya forum peristiwa spesifik
748,986403,menerima,3101,1958 monshizadeh menerima 7000 savak berangkat amerika serikat
749,986862,menerima,3101,perubahan diputuskan dilaksanakan simulcast dimana masyarakat membeli pesawat penerima digital pesawat penerima analog dimilikinya dipakai menerima siaran analog pemancar tv menyiarkan siaran tv digital
750,986890,menerima,3101,perangkat lunak diperuntukkan pengguna pribadi mengintegrasikan smartphone 10 akun surate berbasis post office protocol pop3 internet message access protocol imap menerima mengirim pesan instan mengakses internet
751,989875,menerima,3103,john menerima william tokohtokoh halusinasi
752,989944,menerima,3101,alasannya diduga menerima suap
753,990524,menerima,3101,juli 2008 pluna menerima pesawat kelimanya total 7 pesanan
754,992709,menerima,3101,atrium berfungsi ruang resepsi paterfamilias kepala rumah tangga berjumpa tamutamunya pagi kalangan keluarga kaya keluarga miskin menerima bantuan amal
755,993076,menerima,3101,1970 menerima beasiswa militer belajar tank mesir enam
756,993657,mengandung,2301,inti stabil alam mengandung 8 nukleon bottleneck menghentikan proses nukleosintesis
757,994040,mengandung,2301,target utama misi europa diduga memiliki samudra permukaannya mengandung kehidupan
758,994086,mengandung,2301,18 januari 2007 sanger mengumumkan proyek eksperimen mengandung artikelartikel kontributor citizendium ketimbang kopi lengkap artikel wikipedia
759,994244,mengandung,2301,band dikenal genre metalcore debut sounding the seventh trumpet mengandung vokal scream
760,994350,mengandung,2301,3000 buku judulnya mengandung pemimipin leader
761,995462,mengandung,2301,satelit jenis memonitor perubahan iklim penelitian ekologis penyelidikan lokasi daratan mengandung mineral minyak
762,995744,mengandung,2301,enclosed alphanumeric supplement blok unicode mengandung karakter abjad latin dikurung lingkaran oval persegi keperluan
763,995799,mengandung,2301,khmer blok unicode mengandung karakter penulisan bahasa khmer kamboja
764,996044,mengandung,2301,softlens lensa kontak alat membantu penglihatan pengganti kacamata softlens dipasang kornea mata terbuat plastik mengandung air
765,996346,mengandung,2301,daun kubis mengandung kelompok glukosinolat menyebabkan pahit
766,996484,mengandung,2301,seni beladiri mengandung latihan pergumulan penekanannya bervariasi
767,996509,mengandung,2301,pusat germinal kali didefinisikan walther flemming 1884 mikroanatomi berbeda organ limfoid sekunder mengandung selsel membelah
768,996885,mengandung,2301,buah mengandung vitamin c tanin
769,996944,mengandung,2301,akibatnya koh mengandung air karbonat lihat
770,996966,mengandung,2301,senyawa mengandung jenis halogen
771,996975,mengandung,2301,samping mengandung air liur komodo memiliki aneka bakteri mematikan dalamnya 28 bakteri gramnegatif 29 grampositif diisolasi air liur
772,997027,mengandung,2301,20 pasien ditangani dapson menderita hemolisis efek sampingnya parah defisiensi glukosa6fosfat dehidrogenase lapdap kombinasi antimalaria mengandung dapson ditarik penggunaan klinis
773,997491,mengandung,2301,lokasi taj mengandung kuburan paviliun timur selatannya
774,997936,mengandung,2301,kombinasi vaksin vaksin tetanus vaksin dtap tdap mengandung vaksin difteri tetanus pertusis dt td mengandung vaksin difteri tetanus
775,998087,mengandung,2301,implan mengandung perangkat elektronik jantung buatan
776,998233,mengandung,2301,samping singel isi lagu album dikenal kelam mengandung konten dewasa dibandingkan albumalbum
777,998640,mengandung,2301,alam semesta mengandung allah allah satusatunya wujud nyata alam semesta bayangbayangnya
778,998683,mengandung,2301,molekulmolekul mengandung 4n elektron pi antiaromatik
779,998844,mengandung,2301,salar de uyuni mengandung 10 miliar ton garam 25000 ton garam diperoleh
780,999059,mengandung,2301,injil mengandung firman allah riwayat isa ditulis generasi isa
781,999349,mengandung,2301,episode mengandung petunjuk bahasa bunga
782,999660,mengandung,2301,peneliti mengembangkan galur semanggi mengandung kumarin galur mengandung kumarin bentuk terikat
